nickname,blogger_id
마시따남도,bushcherry1
배유미 aka 키즈멧,dkdltm016
한찌롱,jiwang12
블린느,dailynew_7
사율이,sayuli8175
토방마님 서향희,torbangmalim
코코,coen11
허릴린먼로,anj1635
배과장,skillsun
미리별,gugu9416
Choi Min,dydals111
오윤섭,rpartners01
역세권찬s,pyochan7
카라,kgyn106
미네쿠,minhae9191
애플트리,dc123dc123
프리마켓,nampofree2
메밀꽃부부,mina860527
웃는남자,junsnet
뷰스타 쪼,bora871217
고고씽,wkwmd81
비내리,zephyr122059
소달,gmdshop
소중사랑이맘,99333736
뷰스타 엘린,thdud4680
샤인 분양 컨설팅,nanaka81
다꼰,kdj5486
심숟,lala1010
Rim,ddbba
고구려,bingohwan
휴랑,fop7
엔젤리,ekwellbeing
블루베티,gonckey
베르니,vernie222
Lili,hygea2030
몽주,mmonjoo2
신성철,thebeing
봉여사,bbiyou
송초코,dpqms1234
깡스,river0703
봄별,bombyul1011
러블리수,lovebm77
바비,mouche007
귀염수다,kingsuda
치치커플,clcl9495
쉐비럽,psy2325
며니,mihyun9202
참사랑,ha601201
프로긍정러 혜준씨,hmj_hdh_khj
그사람,dkfnal2232
브로컬리,collier13
콩자언니,yeseung3007
쿨와인,gudwldnd
어복남,sidesnack
아고미빠빠,agompapa
곤,my50cent
제시,dhdmsdo79
GENE,gkmovingon
린고,taehun0930
BBoM,huchi0070
뷰스타 모시멜로우,miran228
코예커플,aiwositai
쿠잉쿠잉,eb0o0
나로,mal3500
메이,aimei96
웅이사,abc-cast
레이나,mpgongin
꿈,binsuk8
GENE,gkmovingon
연이맘 율랴,eun53200
방미,micho_cm
메이,bling319
정샘,newsta
콩자언니,yeseung3007
꽁쥬,pkhk0521
꽃줌마,myssssu
성주맘,eye4y
아이와 함께,julieta0604
니아옹니아옹,goodbuddy81
해작가,haedud128
대니얼과 제이미,tears1124
백양,ping911
채스,cheumistory
현양,hhkk1121
파란코끼리,jmbjsh
김야옹,river170909
꽃보다 희망작가,wjstk6966
자동차키 전문가 키맨,bestkeyman
평화의도시거제,geojecity
카메이크프로샵,cmp486
뿅뿅뿅,whgpfus
도윤파파,junggoon7
영주,yeongju_city
재테크매니저,kejuul
똥썹모친,yee1036
함영민,dicagallery
일상탈출,tcacyc
NS모터스 이희도,sukidash_bro
맛소클짱,sniper98
푸우우,mike8283
젠타,gene_k
하우매니,howmany70
청개구리,dirch10
찐ㅋ,khjins5918
ALICE,lifeislovelytravel
린고,taehun0930
다욧코치은하수,ehee50271
초보 아재,ryunketer
셩블리,knpsh0129
영주,yeongju_city
동투부부,tjalwls7
봉덕각시,aqua_1122
성실팀장01056451008,lcw200099
콩꼬물,narifiting
사진찍는 슨뉴맘,ssola143
나이스,okvan123
명이,myung2_
쩡유,youjung0506
알콩달콩토끼네,lljjyy1983
넘버원트랩 권팀장,king_hunter
뷰스타 낭만소녀,invu1657
엄지척헤라,hera1927
수교,lsmsu13
푸들ol,fff1503
혜성맘,fyjsj
토끼린,power45670
쫑쫑이,giselesj0414
기리아리,ic7960
로즈,julie7000
마키짱,skawjddl23
캐논 카메라 Blog,canonkoreacamera
리미로이,hgbtt
박현뎡,ozoz1128
요한이맘,yuasd5675
들꽃향기,kimhy004
빛나,qop8909
알럽써니,goldstar10041
칠오공,bonotang
김현수 이레네,7irene
초록이,byy91
레드 RED,mrshin0206
제이미,jamie818
엘리 in 영국,hjk8427_
미누 v2,myk_2007
Travel홀릭,saladin324
산소사랑,voued
레드호크,iini3
고고제인,janenstory
김프로,gasinae00
벨루가,beluga11
수하 백화점,mmm7962
스봉이,kkiibbb
샤샤,as7300543
나플루언서,nafluencer
루나,loona0930
문화챔푠,fllfll2
싱싱싱,devilkineun
지니진희,music5995
숄맘,jjsun1219
트래블러버,wlsgml850
힐링스타,wwwon2
해피오미,omiolivia
은혜,love386600
Ran,nayatan
육아맘 담스,jjuu81
깍쟁얌치,diacl82
핑크순이,alter1
린,khl940707
으뇨포뇨,hyo427
냥냠,ssyj963
올레감사,dmschd2578
DJDK,djddjk
타민,batbatbatgirl
신나는동물농장,huridam
진콩콩,ninorang
라니,1128syr
빈토리,bintorynim
세나,jjong0710
열심히 사는 오빠,xotmddnjs0905
권나나,nanast1004
상생,ssgrp2017
DM company,dmcompanyjds
무궁화언니,sgsg0103
다누,kde5316
윤지킥,yoon_jing
능금아씨,neung8
DYNAMIC권준민,amgi2349
지남철,dmicdmic
로얄스타,morningstar1948
마로쥔,jollynii1
꿈꾸는 하와이,apple231223
마니에고,maniego
BM지기,ni__ce
피스월드,rlagmltn623
한샘제주댁,hanssemjejuhome
애덩,lhr5798
배터리닥터,batterydoctor
에스앤씨컴퍼니,ssenprice
펀치볼,lwh7011
군산현대열쇠,guseodufthl1388_
미스터S,gy57927
고르라 제주,jangbugon
릿짱,lisso1234
주는사랑,impok1004
행복지수,mina7808
햇살소리,skydome11
배화,pyoun0181
허블리,yjheo90
이종원,jewelry4989
뷰스타 포롱,dbtl0705
시호파파,tmdwns2046
HANA,house7655
하디미,sweetdreama
재투성이,jaetoo56
슉슉이아빠,androi_ssung
은빛꽃,silver5807
예쁜성준맘,rudqlsmama
무림태풍,ham1887
mari,powerofmira
까여사,kami0413
이정표,pilyo93
매력남냥,namkisuk0396
스윗엘라,sjmin1118
유부곰탱,ajm9942
까미네,jimmy5148
청주수입가구 파올라,jhyou6
판팁파자,nova750
금별맘,cshee32
행복한 곰돌씨,ivory27
요지경,only_jihoon
땡땡리봉,polkadot127
밍크,rivertour
희라짱,heera84
앨리짱,nicearra
Bull over Bear,cinedemian
하은정원,qkrgkdms1993
스윙맨,smoker3
으아아,daebak2bak
린고,taehun0930
아토,pcjinsun
우보,bysaeeun
현진,hyunzin_k
KETT 미유,great97k
J Park Life,pjp6824
분홍송편,seoyujin0706
JUMP,lpg3388
카라멜제이,ssuyeon0524
한남뉴타운 데일리,land9667799
티나,chslkw
임고,limgo0
듀,dew0023
승승남매맘,biny282
초이린,molynmom
러비,enbigod
분홍이,khee0620
까사도르,casador
광주새댁단심,kimsongkim116
윤힐링,yszin
미세스뽀,yium797979
써니,seoning94
미싱꾼아내,sewing9233
달콤긍정,1524sck
샤론,royalsharon
리지,lovelylife7
쇼콜라,iamchocolat
우사기짱,ysparkb1
에인트,g0heaven
프롬레이,fromrei8
카푸치노,ju_love1202
유리맘,jyg7311
김공실,cookinggirls
삶은여행,lighting_bug
미미,celeb_kook
주말산행,igryusan
콩쥐강쥐,bahna2
케케케,symin67
가시장미,hwa202
우드엔락,woodnrocks
황여사,daisy-hwang
유비서,hami3535
짱똘아빠,jaedolls
까미,gure258
여행맘,gotofamily
뽀야,oao08
전원속의내집,greenhouse4u
하그랑,92_song
즨,cheery_je
꿀벌,oilsol
GSOLAR,gssolarpower
은준,eunjun2009
꿀벌,oilsol
쇼이,piglet1044
프림커피,bl85219
물처럼,mh84love
완소해피쥬쥬,notianna2
캡틴큼동,bruceddong
way finder,way_finder
웹디,webhouse73
그리니,sopride
카라,leekyunga920
세상을,chunghwan69
캔디야,ekcandy40
문지슈기,mjs5200
Ran,nayatan
처뤼 글쟁이,ews1016
냐옹이,rickydoll
난나,ljr0944
마녀공주,leesl1344
밍쏠쏠,heestory0513
모니카무드,qkrthfk772
삶은달걀,shg7700
재재,cross0381
라미,arahi428
리틀약사,staroot99
나엘맘,kkkkangta
뿌잉,lawpzoyhq
모나코,iriver720
가온누수,aass297
우씨,3568045
주인공,rytutytt7
헐,quattroher
바른생활,pgs3996
문데렐라,onlyoneg123
유르르,yej653
럽카키,lubkhaki
뚜뚜퀸,pokachip812
냠냠,uu_109
레드QR 김학수,cfm21k
달달하우스,jiansarang
심쿵해,dndbb1004
자동차 진단평가사,hui9211
코리아아줌마,kormother
마미수,mommysoo
꿀잠,freestyle_cy
꿈꾸는 자본가,the_capitalist
빼빼마이어,platonicloveu
변토끼,sukkyung70
백령도해병,taekwon4820
꿀단,kye960106
꿈꾸는앤,fatehyuk
라임,sin_trust
하뮤,gktmfql3160
엑스프레드,dhfeotelfdlf
광다리,kangnam05
우동커플,wdcp0414
뿌다,sihyeon844
RealEstateCompany,kariyes1
희형제맘,pondu2010
세컨드비,sikidby
그 여자,sepo1225
미소,tnduddbswl
하다,limomon
묘미,delightfully_life
텐션언니,mmbbrr89
키다셰프,freshianblog
여수관광,goystour
맹덕이,scs9591
예시카,yesica00
희희,mgmg0008
봉스,bongs1021
봉스,bongs1021
경북나드리,gbnadri
삐카뻔쩍,na2429
쿨쩡,a8908262
스테이봄,staybom
둥이둥,wjdsla2826
O2SAE,ssroming
싸로횽아,teammac
다람이,sidna
하루엄마,bichon-haru
캠마녀,bucketlist79
핌비,gogorealty
보리뚱,skagud7325
욘디파파,alswns0805
거제도특파원 나비,navy2912
그레이스,gracek1005
그린공인,kproland
배짱이,1978mm
나루봉,hahastudy
대청봉의 강원사랑,daichung
하얀북극곰,whitepolarbear
콩지,kong_jee
유후70,you1620
산타자산타,80wind
SAM Couple,samlove1202
칼라,naya399
리멤버,duri3576
바나나우유조아,sykim4767
Yoon J,dotorynamoo
김짜장,7073879
서천사랑,parksb44
희소,cafe_heeso
쿨와인,gudwldnd
세희,lucky2girl
수민,2_sum
쏠트,kyena200
정퍼플,opurple486
아공,hong273526
입질의 추억,slds2
미네쿠,minhae9191
체리푸딩,cherrypuddin
잉언니,fgg5485
왕빛나,babymoony23
폭스토리,foxtory
은하수,onhijini74
베로나,topnotchlady
사율이,sayuli8175
비각,kas2724
엑스프레드,dhfeotelfdlf
Great N Mango,likesme
미니다솜,gimmi00
O M I N,omin1350
따랑이,1000ses2
명랑플라워,khycmh012
버튼홀,1429son
쎄려니,sseryuni
영이,polarb1021
쿠키슈,adjihuyn
올리비아olivia,limjark2
박한량,openprice_c
뚀닝,xyzzinny
뿅뿅뿅,whgpfus
이럴순없어,gkgntwhddns
한매력,yoyoyoya_
서정,seojeong8024
AZK1,azk1
꽃찌니,nini0817
멜리,amlee74
브리첼,asy1347551
미니뽀뽀,mini_ppoppo
먹요정,mainby
카탈,kim130802
소상난소월,wistillbeautiful
뷰스타나님,416yellow
리얼,story_cht
유니유니,kjy911203
Lain,isl2357
레즐리,peace8012
HANA,hanahana1214
규림한의원,1x98sqfdla
만다라케,misoo93
공부쟁이,kkk0595
닝꼬,haniyamyam
꼬마츄츄,baby0817
윤자매,ss0992a
서울휘,sybangse
시작과끝,bumblebee1719
러브히나,kijima7
택시,huk2lover
toki,toki_s
종가집,chefzzong_
베리콩콩,lily79486
닥터자일리톨,onlyonej
블리스,nn1114
꿈의비전,lhs3702
손탱,ekdzhd7777
다소마미,dasomammy
웃음의여왕,altjs1112
구구클린닥터,guguclean
cafe412,yohandb
cafe412,yohandb
쁘띠피츄,moojiny78
소국,yel_1004
뽀로롱꼬마마녀,inalove
여경,moo4114
청미출판사,cheongmipub
미쁘다유쥬,csjrlove
나쌤,lovelovenat
오드리 햅윤,love0327y
땡열이,hrlee10102
스카이,ultrabat
꿈랄라,merryseaa
졸리,bsy615
마녀욜리,witchyoli
피터팬,crom234
소리,ruruvvee
제주한량,seoyh1047
노부장,knights7477
동화작가 리하,leeha517
신라,han4869
캡틴,goodjcs
찌노닷컴,limjino
서나,mphc01
유쭈쭈,alsk_2919
국민건강보험공단,nhicblog
땅콩러봉맘,cctv070
하우매니,howmany70
갬시영,daniels2lh
꽃이야,rrhcdldi
하나짱,zzanghn80
기다,13cafe
린,khl940707
남성우 행정사,minwonservice
윤모디,ymodee
디애나,eunji990207
죵죵,5411937
쑤꾸야,soohyun0125
무명씨,acoustic_u
초롱초롱,sj00606
커피한잔,my1002
으누홀릭,zz1651
신짱아,ayounghoho1
신딩,shinding0211
V유니V,coffeemix8
제이꽃,flowers-j
부동산인생,kimyongjune
혜린민성맘,love444e
jaya,gonjee73
골방철학자,ym0413lee
마녀욜리,witchyoli
오키로키,ego1982
누리우리,ntscafe
대신증권,daishin_blog
다둥이아빠,shirano82
레지나,reginayun
정주부,beloveljw
부슈맘,reeyoung82
해랑,maruchi7401
명실장이야기,mk5104
뽀야,zzu-bbo
큐원,qonemkt
윤모디,ymodee
똥그리,seong4002
가을,tigerfabric
율이통통맘,myhoney1004
혭삔니,qlsdl50
장인가구,janginstyle
제제,lqud
주주 김선주,joo1609
분홍이,barbie714
괜찮아,echo78
허니제주,honeyjeju1
알로히,a1ohee
보물섬 남해,namhae_gun
골드스푼,loveme90000
민트,haeyun0502
팬톤페인트,pantonepaint
초록천사,ilyoon0325
찰스,powcar331
더들리,elixir0827
해담찬,helphelpsos
미미엄마,mimimimi0510
1등할매,ekswldkvkxm2
꼬맹이누나,syhong0084
지랄발랄선미형,sism1029
친환경소비연구소,keiti_sns
현명한레이씨,rayam
배네비,baeyujinavi
chakan wolf zillai,chakanwolf1
kate,kmh2825
시나,sinachoco
센,100ssen
앙콩,himchan2015
한바탕 전주 즐기기,jeonju_city
카가와현,kagawalove
썸블리,pparksomin
꼬맹맘,yj2272956
뉴질랜드 허니,chrisjek
정천,jhr1844
부부깔끄미,xoghd1971
술람미,ddawndew
찐열정맨,realestateland
나미찡,159cm48kg
은솔희섭mom,psy9133
러브푸키,lovesnap
해피니스,sunsun1890
By 비야 rain,fubiani
creamcream,katie85
욘아,bambi2646
옥뚜,okddoo
쏘잉 핏,paper-fit
메이,maize210
연,eddie_516
깡초,nemohj
장가드,musuleetwo
모노라이프,kimyeji901030
쏭쏭드리아,ssdria
뿡뿡이,haha3312
사각사마,sagak815
홍이ㅣ잇진,unicef2000
홍이ㅣ잇진,unicef2000
팬이맘,jh2y3
깜상,kjia76
미자댁,mymisunzzzz
E양,lsn0211
노을,dnks0206
인천시,incheontogi
쑤기,lady6617
굳제이,doubleyy_
모찌,parksj2959
인천시,incheontogi
굳제이,doubleyy_
데일리서우,seowooblog
행복한 은진씨,sol_2love
뀨우,pooh0512
펠릭스,ws20233
최쓰리,qkqh8480
MANI,merry1113
꿈사탕의효능,ppoby1004
꿈꾸는로이,roynmin
꿈꾸는로이,roynmin
압둘,adela08181
식사숙고,seek_and_eat
정의석,transartists
케잌맘,jjy790888
유에,rafiuta
슈퍼문,mcteens
애플,sagoajyus
공장년,mansu9925
바바루아뮤,bavaroism
애플,sagoajyus
꽃잔,ishine75
바바루아뮤,bavaroism
바닐라,ellruah
주하,dodamine1124
여신윤날림,sadikk
공장년,mansu9925
세금박사,fow99
oO초롱불Oo,pjsvak
제주도 고팀장,kobyungja
은월,jooyung421
화줌마,heasungpak
사라,misulchoi
유머왕,sukuns
INFORMER,greedady
멍하니,babpoolk
생각대로사는여자,alwayslike21
서양화가 최연욱,nuctom
쏘쏘한토모,zlhyun
운이아빠,thro4321
홍사장,hjh14579
도도한 미미,y22052205
달꿍이,jkh9601
주니파파야,rori0518
그레이홈,nr_factory
꽃구롱이,x0000x
러브뚜띠,dull33
Jibli,jibliworld
MJ케이크,ddochi84
동글,lke122
화니,hwa1584
세온,seon4123
완전마구,bitmagu
절세미인,woowim
원,mudalda
빅토끼,nale129
해피어니,loveeoni
미뇽미누,miniunime
체리,emerald0813
벤톰jk,dunhilljk
FATS폭행다이어트,fatsbullying
찌라이,twoyeons0320
도도한 미미,y22052205
가빈,gabin526
Ging Ging,inacien777
령루,ryeong3767
홍차,dlcmalsis
곽체월,ab13579rrr
가평 비타민,adelheim5811
진실,jinsil_vera
고명우,jstar4242
퐁당퐁당,foofoo6144
Hee Dong E,vitamin1150
레지나,lalacucina
캔들킴,stately_83
부산 신호정비,shinhomotors
게으른율율,yulyul1230
인천서현,mjh0712
가영,ka0___2
규리의한약초일기장,7412k
은료리,eunryori_
탐나는사회자,mcpoly
차수리미,cha_23
가만쓰,szszysb
산뜻한 보헤미안,danjin24
그레이스,gracek1005
아라댁리아,jhgeel
준준,lovezun91
건강나누미,rbtlrtjswkd01
졔졔,wpwp8970
졔졔,wpwp8970
브라운,mitao685
요미둥이,dyalenddl201
지뉴,jinew2
쑤블리,bodring9
한국학중앙연구원,aksblog
소소한 남자,franchise09
ming,gpfldi2
유피,cjyoyh0903
매력님,doridori8890
아노,dnjs4376
기먼,mong728
아시아엔조이,asia_enjoy
Upstyle,kingmoney
뷰스타 솜사탕,kbsjasa
재하맘써니,jhjh_0701
해피연콩,yeon5853
해피유라,ura031588
또바기,dobargi
초긍정햄,cleaneyes
쉐리,farbemaria
슬,s_eeeul
문성실,shriya
지나,jinaland7
플러스레시피,phs02495
개쌤,gashwoon
The건강라이프,powww3
떼은,khy7804755
차카다,tlaghk8585
루비,soso7869
방구석 소녀,ronaldawa
보루빵,boru130
꽃연둥,yh1223334
가빈,gabin526
루비,soso7869
은기동동,jimjim79
모노토니,e_gray
IK,cik4365
HANDLE MADE,teaowo030711
별하하람tv,sikumdak
라라 이펙트,lala_effect
민죠리,m_ming0514
초코맘,imilk88
로라,mjy5907
얼간망둥,imga114
쪼링,gkrml52
주니호맘,happyday82
호이후니,joyfulhoony
뮤즈,themuse_
엘군,estate0304
동건애비,dbwlsdkq
eun비령,ryung0212
아루무,accaee
방구석 소녀,ronaldawa
까투리,geonak0219
밥상,choicemmcs
각잡는브루스,midorius
꾸뇽,hwangyul9178
채현,ych9749
유니,helloyuni0725
팔랑씨,hey_lauren
밥상,choicemmcs
채현,ych9749
두부,doobvoo
윤이,sweets0101
레드루,redroo
씬짜오베트남,hyungak2
아르미,dkfflal114
양씨로그,cara6253
디지털도서관,dibrary1004
양씨로그,cara6253
케이트,mou0826
김청석,taiphung
우주여신,minajjang11
파워라이더,onroadzone
Hee Dong E,vitamin1150
디노파파,mini80j
온에어,hojini9293
도롱뇽알개구리알,gngnt2002
오로라초월,jym7445
쉬늉,cubbobbo
안다미로,toxicnaomi
쪼똥,durian7059
롱이삐,chorong-e-
미라살롱 준혁맘,kimmi0706
니모한마리,oldsmile
챠뭉,jca_mom
상해에서,nohappy0
은슈,everclearsky
다뚱이,dawon2905
레옹,goehe1
벤사마,uk22uk
GABO,byrun_
미소마마,juminjoo
승현,mango5481
김서연,saltstyle
Hella,hella1989
최사랑,choisarang1
스타일 티비,styletv5156
여행 맛집 꿀정보,heavenroadgo
주미,jjoo3hyun
블루밍람,hg96148
제주자두마미,suhee5701
바른배관공,wooridrain3113
슈퍼보리,ssalnim
호이호이,kmin8300
하리뽀,hari_bo
우아미,luxury0224
포콜,pocoholl
말괄량이 샐리,julietmeeso
맛동사니,mary11000
미와창,miwoachang89
먹순이,hyun95-
잠실엄마 케이트,bemine79
미누아,minnstarkim
SOS 음주운전 센터,drinklaw
유카,ucar_blog
학원 알리미,uni7928
Poongnami,kimsookyung_
탁이,take921
리싸이클오피스수원점,reoaircon6073
초코초코,mildek
youknow101,youknow101
달달한 콤블리,rmawngus
왁서미미의이야기,cleanwaxing
봉칠이,tok4
러블리쏨,thaldia315
jbh,jbh8839
Be a friends,freestory99
Miss Park,7167__
Miss Park,7167__
코디꾼,nomnice1
반달,banndal
근우애비,alcard1130
지율이,kiyome24
zinzow,zinzow
깡지,noeyh20
Rookie,rookie85962
꿈꾸자,diddid004
이벤트중 진아,llllllooolll
아이언맨,bsc9990
소요,duswk75
스마일로즈,wjdtj54
바람의색상,be1stwind
세수하면이병헌,supapa13
손흥민,jjhzzon
댕댕이,lhkim44
리시연,nangongjoo
Be a friends,freestory99
Ssong,rinanara12
더멋진예영,steward83
Ssong,rinanara12
로망샤방,lhill1
Jmini작가,jmini1451
심플빈,simplebean33
베가스풍류객,wkwn70
시옷부부,liebebu
죠링,top4228
마미수,mommysoo
해피스완,ajiyoon
크레파스,about_red
삐약삐약,yasi5559
슈크림맘,wan1075
Mandy,hwana7696
유지니,hug387
SK,premium_star
짱이,sju03507
길손,nicejt21
극야,polarnight808
안젤라,baby1073
돌핀,dolphin_28
키놀릭 노이,kinolic
예쁜언니,dkskrmfoa5
낭만이쌤,wonjutalk
라잇레오,chldpwjd111
윤현석 변호사,advoryoon
꼼지락대마녀,daisy121
하동댁,mokeya1
요리하는백구,dmisg
따히,dlekgml113
에마스,emas_drop
담이,2437306
차올라,qhanfdbfla
션셩한 엄마,esibang
뻐찌,skin0503
공입문,juncun3155
사랑이공주다온맘,thwjddla
커피중독,withlove98
에이풋,skli0612
바이림,byrim84
오경진,ohzzing_0089
바이림,byrim84
수다쟁이톡톡,sdajfkh9823f
뉴뇨,gyruddbs12
버디천재,sue21
GG side Company,s920hm
뜽디,ysj_94
inA,inayeo
퀘럼,el512
AURASU 수야,minidresser
마카롱,vlzkvlzkcb1
날쫑랜드,monomono01
명가,audrk704
행운삼촌 공인중개사,cjw0000777
비비안림,lovelyeun41
국제유선 바다낚시,kukjaenaksi
리암티쳐,seungwoo7037
닥터남설비,fogotten80
ㅎ해달이ㅎ,saver56angel
레이슈,ye0505
레이슈,ye0505
뽀블리,amore_bh
라니,choimiran214
땅삼촌 공인중개사,cjw0000999
햇살나무,nymph277
꽃단이씨,gusul139
EIB,widm9267
민트,candyfloss222
ggkkss0313,ggkkss0313
꿈꾸는 놀이동산,tlsendud7
GSR 글로벌,pjsmax1
꿈꾸는 놀이동산,tlsendud7
ggkkss0313,ggkkss0313
따루,leaf88
베비늉,heimish94
안다송이,n1004yumi1
강강이,dotte12345
동탄한방튼튼,pscclinic
해외교육진흥원,go_explorer
YM entertainment,ssadea2
러브샤인,eunjungrhc
사하라,man9855
봄토하루,bella0420
지오수인빠,jiosuin
꼼꼼이,104psh
불나방,mshly76
사나엘라,sanaella
loppo,dbqkr79
미라클한나,miracle_sea
찌니,ohmypooh
뷰스타 리지,tonyforlife
브로디,hshyun0602
YS힐링터치,rlfem1wls
울산 엘리야 병원,21cjhs3
로지,rose_hwa
쑤기,boahc4
icoopkorea,icoopkorea
키앤키닷컴,keynkey77
주삐삐,jupippi
붕어,jungin_pooh
박예지,park-yeji
부산스마트하수구,bssmhasugu
천칭,thesca1es
흥자,nanunyou
시골집쥔장,oknum4438
어포토,eophoto
빛날찬,ajdhs
유리맘,jyg7311
불가불,mh21111
푸푸,musanli
수빈맘,jini6927
슈기,sookii96
빛날찬,ajdhs
유리맘,jyg7311
그린핑거맘,2ikyung
가윤맘,gaonlog0826
밍트,kimhm1318
아기곰,a-cute-bear
방과후교사,eka7buy
로즈킴,kjk8178
곰팡이달인,gompange9
우기77,selap4182
oneroomjo,oneroomjo
장아들러,tpwjd7230
세종이팀장,6259lee
도란도란,csn324
모아나,lyj0088
체리샴푸,saickho
콘탁스,shiri0920
열여리사랑,ih4167
집도사고 부자되고,jwk379388
쉬늉,cubbobbo
me lucete,me_lucete
이든지기,tjdgns70
쭈사랑,jjuya0124
보일러매니저,tabyjang
바리콩,dodentjfl
짹짹Lee,lye0307
야식이,leeeuncom
상꼬맹이,wbsl5454
신비쥬,llllll0lllll
새로운 이름 연구소,newnamelab
THE END 레블디,cindyyun0204
마뚬보,utopiaira
굿맨,8x86udpo3j0
자유의감옥,rocker304
찌니,sky9804
약초맘 안혜주,sanok1698
스밈,thinkfeellove
행복한 순례자,lds2011
꿀렁이보호자,leeyoun12
하수구 변기뚫음전문,lyb6403
베리,sj1229
읭,k_u_y
올리비아맘,pse1982
써니,herajsh
호평동바버맨,hoyahk1229
코코의 일상,shcl0284
깡나,apple0672
프라우허,heonions
숨soom공방,sunnygongbang
화정,s2yhjs2
아베끄단미,avecdanmi
소꽁,gtbaby35
SeKhan,tlwmzp123
소상난소월,wistillbeautiful
뷰스타 레이나,yuiop1193
네오스타,pcg3891
연,ssovely8
수교,sookyoa
