blogger_id,blogger_nick
dydals111,Choi Min
alexandere20,¹Ì°¡
coen11,ÄÚÄÚ
bonotang,Ä¥¿À°ø
jiwang12,ÇÑÂî·Õ
dailynew_7,ºí¸°´À
gugu9416,¹Ì¸®º°
sayuli8175,»çÀ²ÀÌ
tqtp7777,¶õÄÚ
vkeo3136,¾öÁö
lighting_bug,»îÀº¿©Çà
dygn,À±¿ä¹Ì
glitterjoara,ÇöÂ¯
torbangmalim,Åä¹æ¸¶´Ô ¼­ÇâÈñ
pyochan7,¿ª¼¼±ÇÂùs
teemoticon,Æ¼ÀÌ¸ğ
perfume324,Å´Áö¿ä
sun751213,¹Ù¸¥»ıÈ°
park-gun,SKY
maemilee,ÀÌ¸Å¹Ì
jinaland7,Áö³ª
wkwmd81,°í°í¾Å
love0327y,¿Àµå¸® ÇİÀ±
7irene,±èÇö¼ö ÀÌ·¹³×
anj1635,Çã¸±¸°¸Õ·Î
ddbba,Rim
devilkineun,½Ì½Ì½Ì
kdj5486,´Ù²Á
lala1010,½É¼ù
fop7,ÈŞ¶û
skillsun,¹è°úÀå
ekwellbeing,¿£Á©¸®
eunhwahaha,ºû³¯ÀºÇı
jhkbbb9,½½±â
wbd05,³¡¾ø´Â ÁúÁÖ
kimsookyung_,Poongnami
minidresser,AURASU ¼ö¾ß
collier13,ºê·ÎÄÃ¸®
sidesnack,¾îº¹³²
gkmovingon,GENE
abc-cast,¿õÀÌ»ç
gssolarpower,GSOLAR
newsta,Á¤»ù
skin_scent,ÇÇºÎÇâ±â½ºÅ²¾Ø¹Ùµğ
yej653,À¯¸£¸£
bandismile,Â¥ºØ
srlee2623,±Ö³É
alldaybunny,Áı¼øÀÌ
goystour,¿©¼ö°ü±¤
whgpfus,»Ğ»Ğ»Ğ
rpartners01,¿ÀÀ±¼·
nowwegom,¸Û¸Û
frommjung,»ì·Õµå¸®ÇÁ
skwlsdldi,²Ş²Ù´Â¿À·Î¶ó
daebakyo,±«Â¥¹Ì³à
bonbon_mikan,±Ö°øÁÖ
sunnyday0107,½á´Ï
mjkim031307,¹Ö¼Ò
poonsu0804,¾äÀüÇÑ½É¼ú´ì
horong95,¾ÖÇÃÈ£·Õ
amlee74,¸á¸®
jhgeel,¾Æ¶ó´ì¸®¾Æ
minhae9191,¹Ì³×Äí
dyalenddl201,¿ä¹ÌµÕÀÌ
invu1657,ºä½ºÅ¸ ³¶¸¸¼Ò³à
hera1927,¾öÁöÃ´Çì¶ó
power45670,Åä³¢¸°
ju_love1202,Ä«ÇªÄ¡³ë
julie7000,·ÎÁî
twobroccoli,FunFunÇÑ Á¤ÀÚ¸Å
dc123dc123,¾ÖÇÃÆ®¸®
gashwoon,°³½Ü
nampofree2,ÇÁ¸®¸¶ÄÏ
kimsessm,¾¨¾¨ÀÌ
entombed,Åù
kimhy004,µé²ÉÇâ±â
celeb_kook,¹Ì¹Ì
qop8909,ºû³ª
bora871217,ºä½ºÅ¸ ÂÉ
mina860527,¸Ş¹Ğ²ÉºÎºÎ
junsnet,¿ô´Â³²ÀÚ
byy91,ÃÊ·ÏÀÌ
gmdshop,¼Ò´Ş
zephyr122059,ºñ³»¸®
gure258,±î¹Ì
99333736,¼ÒÁß»ç¶ûÀÌ¸¾
janenstory,°í°íÁ¦ÀÎ
beluga11,º§·ç°¡
mmm7962,¼öÇÏ ¹éÈ­Á¡
kkiibbb,½ººÀÀÌ
as7300543,»ş»ş
thdud4680,ºä½ºÅ¸ ¿¤¸°
nanaka81,»şÀÎ ºĞ¾ç ÄÁ¼³ÆÃ
music5995,Áö´ÏÁøÈñ
bingohwan,°í±¸·Á
gonckey,ºí·çº£Æ¼
vernie222,º£¸£´Ï
hexeph,µÎ¶ôÀÌ ¾Æºü
paoncmz,Çª¸£¹Ì
alsprla,ºñÅ¸¹Î
eduwill_no1,¿¡µàÀª
misoo93,¸¸´Ù¶óÄÉ
sera0602,CG È£µÎ¸¾
kingsuda,±Í¿°¼ö´Ù
qlsdl50,È¢»á´Ï
sooyeon9587,¼ö¿©´ÏÀÌÀÌ
tmdwns2046,½ÃÈ£ÆÄÆÄ
clcl9495,Ä¡Ä¡Ä¿ÇÃ
psy2325,½¦ºñ·´
mihyun9202,¸ç´Ï
merry1113,MANI
ajm9942,À¯ºÎ°õÅÊ
mommysoo,¸¶¹Ì¼ö
sagoajyus,¾ÖÇÃ
chanee_ee,Âù±×·¹
ha601201,Âü»ç¶û
heera84,Èñ¶óÂ¯
chals1346,Âû½ºÆÛ´ÏÃ³
dicagallery,ÇÔ¿µ¹Î
dpqms1234,¼ÛÃÊÄÚ
5552sea,¹Ì³à¼ö¼±È­
suin710,refresh
csklove1,Çàº¹¾¾
popori48,¸»¶ûmom
sue21,¹öµğÃµÀç
inayeo,inA
yeseung3007,ÄáÀÚ¾ğ´Ï
gudwldnd,Äğ¿ÍÀÎ
agompapa,¾Æ°í¹Ìºüºü
jungjinkim97,KS¼­¿ï³¯¾¾Ã»
my50cent,°ï
dhdmsdo79,Á¦½Ã
taehun0930,¸°°í
huchi0070,BBoM
piglet1044,¼îÀÌ
miran228,ºä½ºÅ¸ ¸ğ½Ã¸á·Î¿ì
aiwositai,ÄÚ¿¹Ä¿ÇÃ
symin67,ÄÉÄÉÄÉ
eb0o0,ÄíÀ×ÄíÀ×
mal3500,³ª·Î
aimei96,¸ŞÀÌ
gkmovingon,GENE
hami3535,À¯ºñ¼­
mpgongin,·¹ÀÌ³ª
binsuk8,²Ş
eun53200,¿¬ÀÌ¸¾ À²·ª
greenhouse4u,Àü¿ø¼ÓÀÇ³»Áı
micho_cm,¹æ¹Ì
bling319,¸ŞÀÌ
hwangyul9178,²Ù´¨
lucky2girl,¼¼Èñ
mh84love,¹°Ã³·³
sweets0101,À±ÀÌ
yeseung3007,ÄáÀÚ¾ğ´Ï
fgg5485,À×¾ğ´Ï
onroadzone,ÆÄ¿ö¶óÀÌ´õ
leekyunga920,Ä«¶ó
jeju-noodle,»õÃÎÇÑ Á¤µÑ·¹¾¾
gomihi_designer,°í´å °í¹ÌÈñµğÀÚÀÌ³Ê
rytutytt7,ÁÖÀÎ°ø
ulsandb,¿ï»ê¿ë´Ş ¿ùµå¿ë´Ş
cloud8585,¸»¶ËÀÌ¾Æºü
hy0533,½Ã²øÀÌ
ping911,¹é¾ç
hoy8008,È¿ÀÎ
kkk0595,°øºÎÀïÀÌ
thaldia315,·¯ºí¸®½ô
junseo6518,²Ş¹Ù´Ù
rytutytt7,ÁÖÀÎ°ø
j0607in,Çı¹Ì
cheumistory,Ã¤½º
dndbb1004,½ÉÄôÇØ
hhkk1121,Çö¾ç
jmbjsh,ÆÄ¶õÄÚ³¢¸®
freestyle_cy,²ÜÀá
river170909,±è¾ß¿Ë
wjstk6966,²Éº¸´Ù Èñ¸ÁÀÛ°¡
joingcome,½Ö°¨¸¶¸¶
flyingchichi,½ºÅÚ¶ó
hani5080,ÇÏ´Ï
sajapyung,µëÁö
dataforyou,data4u
bas0313,µğ¸Ş¸£µğÀÚÀÎ
wlstngl,»õ·Ò¾¾
tryukjin,¿íÁø
wlstngl,»õ·Ò¾¾
nahlee8,¸¶¸®¸¶´õ
hasbro_saber,Ãİ¸®
juhye__,Áâ
kkamrabbit,µå¸®¹Ö¿şÀÏ
kimjin4753,¾Æ²¿Àº
mouche007,¹Ùºñ
themostcar,THE MOST Ä«¸ÖÆ¼¼¥
gpicture,ÀÌ»ÛÀÌ±â¸°
shop2930,Ruv D Sharp
iloveknp,±¹¸³°ø¿ø ¹İ´ŞÀÌ²¿¹Ì
hyr0605,À²ÄáÄá
real3622,À±¼³ÅÁ
216mary,¹Ğ¸é¾Óµ¥
freshianblog,Å°´Ù¼ÎÇÁ
freshianblog,Å°´Ù¼ÎÇÁ
bestkeyman,ÀÚµ¿Â÷Å° Àü¹®°¡ Å°¸Ç
geojecity,ÆòÈ­ÀÇµµ½Ã°ÅÁ¦
cmp486,Ä«¸ŞÀÌÅ©ÇÁ·Î¼¥
monomono01,³¯ÂĞ·£µå
scs9591,¸Í´öÀÌ
yesica00,¿¹½ÃÄ«
bongs1021,ºÀ½º
junggoon7,µµÀ±ÆÄÆÄ
yeongju_city,¿µÁÖ
staybom,½ºÅ×ÀÌº½
kejuul,ÀçÅ×Å©¸Å´ÏÀú
leeminji36,¹ÖÁö
blu2sky7,¹«»óÈÆ
rsjini0412,ÂğÂğ
gogorealty,ÇËºñ
dotte12345,°­°­ÀÌ
alswns0805,¿æµğÆÄÆÄ
happy_hworld,¾È³çÈñ¾ß
lovesnap,·¯ºêÇªÅ°
limwuzzy88,¼ÖÁ÷ÇÑÀÓ±º
daichung,´ëÃ»ºÀÀÇ °­¿ø»ç¶û
yee1036,¶Ë½ç¸ğÄ£
you1620,À¯ÈÄ70
hsback2000,¿¹»ÛÆ÷ºñ
dicagallery,ÇÔ¿µ¹Î
tonyforlife,ºä½ºÅ¸ ¸®Áö
rlfem1wls,YSÈú¸µÅÍÄ¡
park-yeji,¹Ú¿¹Áö
tcacyc,ÀÏ»óÅ»Ãâ
sukidash_bro,NS¸ğÅÍ½º ÀÌÈñµµ
sniper98,¸À¼ÒÅ¬Â¯
mike8283,Çª¿ì¿ì
gene_k,Á¨Å¸
howmany70,ÇÏ¿ì¸Å´Ï
dirch10,Ã»°³±¸¸®
khjins5918,Âğ¤»
2_sum,¼ö¹Î
lifeislovelytravel,ALICE
staryzy,Çª¸£¹Ì
foxtory,Æø½ºÅä¸®
topnotchlady,º£·Î³ª
kimmeej4989,´ŞÄŞÇâ±â
fightclub,fightclub
wy5493,ÆÛÇÃ·¹ÀÎ
river0703,±ø½º
dreamps1205,¸®½º¿Õ
entia9948,ÁêÀÌ
jjjjh0808,¸¶·æ
benever,Qrater
howaboutrent,Â÷»ç·¯°¡ÀÚ
jjjadeland,Á¦ÀÌµå
hahahohoshe,º§¶ó
wnhjeju,Á¦ÁÖ¼¼°èÀÚ¿¬À¯»ê¼¾ÅÍ
totom99023,À¯ÁøÇÃ·¯½º ÄÉ°Ö¸ÅÁ÷
tpgml1004_,Èñ
vasurada0,Asurada
kkalgid1,¿¡ÀÌÄ¡¶ó¶¼
gracek1005,±×·¹ÀÌ½º
asy1347551,ºê¸®Ã¿
lovezun91,ÁØÁØ
wpwp8970,ÁµÁµ
karipr,KARI
lsmsu13,¼ö±³
fff1503,Çªµéol
fyjsj,Çı¼º¸¾
autopeed0050,¿ÀÅäÇÇµå
aurora9106,¹Ö±×·¹
hanahana1214,HANA
giselesj0414,ÂĞÂĞÀÌ
misoo93,¸¸´Ù¶óÄÉ
baby0817,²¿¸¶ÃòÃò
ic7960,±â¸®¾Æ¸®
ss0992a,À±ÀÚ¸Å
skawjddl23,¸¶Å°Â¯
canonkoreacamera,Ä³³í Ä«¸Ş¶ó Blog
ozoz1128,¹ÚÇöµ²
hgbtt,¸®¹Ì·ÎÀÌ
yuasd5675,¿äÇÑÀÌ¸¾
lily79486,º£¸®ÄáÄá
lily79486,º£¸®ÄáÄá
dasomammy,´Ù¼Ò¸¶¹Ì
bosul101,º¸½Ã¸®Â¯
kfcc3504,³«¿ø
331877,everyday
moojiny78,»Ú¶ìÇÇÃò
goldstar10041,¾Ë·´½á´Ï
mrshin0206,·¹µå RED
myk_2007,¹Ì´© v2
voued,»ê¼Ò»ç¶û
myk_2007,¹Ì´© v2
saladin324,TravelÈ¦¸¯
voued,»ê¼Ò»ç¶û
iini3,·¹µåÈ£Å©
gasinae00,±èÇÁ·Î
seoyh1047,Á¦ÁÖÇÑ·®
nafluencer,³ªÇÃ·ç¾ğ¼­
loona0930,·ç³ª
tofl3107,Shall We
fllfll2,¹®È­Ã¨Ç¦
fllfll2,¹®È­Ã¨Ç¦
jjsun1219,¼ñ¸¾
dkfflal114,¾Æ¸£¹Ì
wlsgml850,Æ®·¡ºí·¯¹ö
wwwon2,Èú¸µ½ºÅ¸
omiolivia,ÇØÇÇ¿À¹Ì
love386600,ÀºÇı
smy2166,ÈñÀç¸¾ ¼Û¹Î¿µ
glorytogod7,Åä½ÇÀÌ³×
oceanwater_,Ã¼ÀÎÁöÅå
effy0424,EFFY
dama0927,»ç¶û°¡µæ ¼­ºí¸®
saypumpy,´ÜD
joonki3,¼øµÕÀÌ
jjm402100,2GÆĞ¹Ğ¸®
zyaseok,Áö¾ÓÀÌ
mecanizm,¸À±ò´åÄÄ
hotseoulfd,Áö¿ø¾²
kingcarauto,½ÅÂ÷±¸¸ÅÈ²Á¦
tnwlvk2080,²ÉÁö¾Æ
kyakya_4001,Ä¼Ä¼
gkswn3364,HJ
leehayaon,¿ä´Ï
scisssors86,Çì¾îµğÀÚÀÌ³Ê ¸®Å°
surmonco,º°ºû
dlstnr1215,´ÙÁ¤ÇÑ ²¨º¡´ì
csm0227sm,Â¯¾Æ½·
aroomon,ÇØÇÇ¾Æ·ç
kimss3k,¶¼ÀÌ
jtuk07,¼ÒÀÌ
hyeminkbs,ÂÉ²¿ºĞÀ¯
dodolee92,µµµµ¸®
dkskrmfoa5,¿¹»Û¾ğ´Ï
loopy90,ÃÊ·ÏÀ¯´Ï
ydpodoblog,°úÀÏ¿¡µğÅÍ
jun610412,Æ÷µµ¿ùÃ´
alvinjs13,À¯·´½ºÅ» ¾Ùºó
morningapple6,¼ÄÀÌ
ego1982,¿ÀÅ°·ÎÅ°
daishin_blog,´ë½ÅÁõ±Ç
dungi355,»Ú´Ï°¡Èñ
mijinkim80,MJÀÇÈÄ´Ù´Ú·¹½ÃÇÇ
glfltkfkd,UBA¿Ü°ú
chan_mi0928,¶óºä¶óºä
n_r0316,³ª¸®
moyeu119,³î´øÃ»³â
hanee218,ÅäÄ¡
sy900523,¿À¹İÂ¦
bebigo8272,¿ï¶óÇÁ
zzu-bbo,»Ç¾ß
tigerfabric,°¡À»
jiyoung7305,±î²áÀÌ
unmix,·¹ÀÌ
hikgayon,»Ç
julie_pak,ÁÙ¸®ÆÅ
nata4224,Ãµ»ó¿¬
barbie714,ºĞÈ«ÀÌ
hohomiu2,È£È£¹Ì¿ì
bom25bom,º½ºû¾¾
kji206,ÃÊ·ÕµÑ
haeyun0502,¹ÎÆ®
ilyoon0325,ÃÊ·ÏÃµ»ç
skewerd,Áı½Ã¸Ç
yunmisense,À³¹Ì
rayam,Çö¸íÇÑ·¹ÀÌ¾¾
benjo11,Å«¹Ù´Ù¼Ò³â Benjamin
sujung3137,´Êº½Áö³ª¾¯
kmh2825,kate
designtwoply,µğÀÚÀÎÅõÇÃ¶óÀÌ
gy57927,¹Ì½ºÅÍS
jangbugon,°í¸£¶ó Á¦ÁÖ
lisso1234,¸´Â¯
mina7808,Çàº¹Áö¼ö
impok1004,ÁÖ´Â»ç¶û
himchan2015,¾ÓÄá
ego1982,¿ÀÅ°·ÎÅ°
skydome11,ÇŞ»ì¼Ò¸®
pyoun0181,¹èÈ­
159cm48kg,³ª¹ÌÂô
yjheo90,Çãºí¸®
jewelry4989,ÀÌÁ¾¿ø
dbtl0705,ºä½ºÅ¸ Æ÷·Õ
house7655,HANA
nemohj,±øÃÊ
jaetoo56,ÀçÅõ¼ºÀÌ
sweetdreama,ÇÏµğ¹Ì
androi_ssung,½µ½µÀÌ¾Æºü
hyy2831,À¯Áö´Ï
unicef2000,È«ÀÌ¤ÓÀÕÁø
bsc9990,¾ÆÀÌ¾ğ¸Ç
shyivy7,ÇÜ
parksj2959,¸ğÂî
lbs2,³ë·ÂÀÇ°á½Ç
powerofmira,mari
rudqlsmama,¿¹»Û¼ºÁØ¸¾
smoodias,³ª¾Ø´ã
lsn0211,E¾ç
lady6617,¾¥±â
dnks0206,³ëÀ»
mymisunzzzz,¹ÌÀÚ´ì
mymisunzzzz,¹ÌÀÚ´ì
lbs2,³ë·ÂÀÇ°á½Ç
kami0413,±î¿©»ç
pilyo93,ÀÌÁ¤Ç¥
starsong,¼Û¼­¿ïTV
namkisuk0396,¸Å·Â³²³É
sjmin1118,½ºÀ­¿¤¶ó
jimmy5148,±î¹Ì³×
mcteens,½´ÆÛ¹®
jhyou6,Ã»ÁÖ¼öÀÔ°¡±¸ ÆÄ¿Ã¶ó
nova750,ÆÇÆÁÆÄÀÚ
sadikk,¿©½ÅÀ±³¯¸²
cshee32,±İº°¸¾
haha_mom2,ÇÏÇÏ¸¾
ivory27,Çàº¹ÇÑ °õµ¹¾¾
only_jihoon,¿äÁö°æ
polkadot127,¶¯¶¯¸®ºÀ
rivertour,¹ÖÅ©
alwayslike21,»ı°¢´ë·Î»ç´Â¿©ÀÚ
nicearra,¾Ù¸®Â¯
yyangsh9q,ºäÆ¼·Î°ÅÁ¤ÁÖ¸®
jiheee0328,ÂîÀÌ·Î±×
hjji0144,SABI»Ç·Õ»Ç·Õ¸¶³à
cafeinfofam,ºó µé³è
gyubin0804,ºóºí¸®
elezanee,¸®ÄÚ
cheawhi,È£´ã
psy2325,½¦ºñ·´
plusking11,ÇÃ·¯½º Å·
vvvvzzzvvvv1,¸¶ÀÌº£ÀÏ
hyunwoo4444,­l­lÀÌ
kk_vlog,±×¸®ÆÃ
gods1368,Awesome
gebera12,¾Æµ¨·¹
kb_financialgroup,KB±İÀ¶±×·ì
haechiseoul,¼­¿ï¾¾
y_vvd,˜u¸µ
clubkang,¿öÅÍÆ÷¸£
dufjtl1708,»÷µğÁÖµğ
jangjhee77,ÁÖºí¸®
xoxo6514,µµ·Î½Ã
sencem772,ºô¶óÇÃ·¯½º
attagirl8,¾î¸¥Âü»õ
diecruel,ºÀºÀ´Ô
eunacho0323,Àº¾ÆÀÌÀ¯
skli0612,¿¡ÀÌÇ²
tonnarii,µÎºÎ
goeun061133,°íÀºLoveÇÊ¸µ¸µ
g0heaven,¿¡ÀÎÆ®
sdajfkh9823f,¼ö´ÙÀïÀÌÅåÅå
yona_73,¿ä³ª
8005hee,¶Ë¹èÂ¯ ¹æ¶û¾ÆÁü
gyruddbs12,´º´¢
bodring9,¾¥ºí¸®
aksblog,ÇÑ±¹ÇĞÁß¾Ó¿¬±¸¿ø
gpfldi2,ming
cjyoyh0903,À¯ÇÇ
kbsjasa,ºä½ºÅ¸ ¼Ø»çÅÁ
boru130,º¸·ç»§
cookinggirls,±è°ø½Ç
igryusan,ÁÖ¸»»êÇà
bahna2,ÄáÁã°­Áã
selleee3,¾µ±¸
hwa202,°¡½ÃÀå¹Ì
woodnrocks,¿ìµå¿£¶ô
daisy-hwang,È²¿©»ç
gkrml52,ÂÉ¸µ
jayony,±Ö
jaedolls,Â¯¶Ê¾Æºü
gotofamily,¿©Çà¸¾
sundaysoff,»ç¶÷À»µğÀÚÀÎÇÏ´Ù
oao08,»Ç¾ß
nanunyou,ÈïÀÚ
kem2425,Çàº¹¸¶À½
oilsol,²Ü¹ú
bl85219,ÇÁ¸²Ä¿ÇÇ
hearteffect,¿À´ÃµµÇï·Î¿ì
cheery_je,£t
eunjun2009,ÀºÁØ
piglet1044,¼îÀÌ
eunjun2009,ÀºÁØ
92_song,ÇÏ±×¶û
notianna2,¿Ï¼ÒÇØÇÇÁêÁê
bruceddong,Ä¸Æ¾Å­µ¿
way_finder,way finder
webhouse73,À¥µğ
sopride,±×¸®´Ï
dibrary1004,µğÁöÅĞµµ¼­°ü
cara6253,¾ç¾¾·Î±×
hami3535,À¯ºñ¼­
housethecube,ÇÏ¿ì½º´õÅ¥ºê
minajjang11,¿ìÁÖ¿©½Å
vitamin1150,Hee Dong E
mini80j,µğ³ëÆÄÆÄ
ziui2zmv89qj,µÎºÎ
superstar0608,Àå±â·»Æ®Ä« Ä«º£ÀÌ
englishpro1,À×ÇÁ
changhee040,»ï¼ºµå¸²ÀÌºñÀÎÈÄ°ú
wldmsdu22,¶È¶ì¸¾
sal8897,¸¶½ºÅÍ¸¸Áê
loveism7537,´«¹°
irim823,¹Ğ·Î±×
my0652,ÅèÁ¦¸®
carsun,1±Ş ¼º¹ÎÀÚµ¿Â÷Á¤ºñ
dnfldyrtlf,¸ôµå¿ø Àü¼ºÇ¥ÆÀÀå
noosoo911,JP´©¼ö
tlstldk5661,½á´Ï
figdk21,ÅÂ¾ç±¤ Àü¹® ÇÑÅÂ¿¬
demol4133,´À³¦±×´ë·Î
my0652,ÅèÁ¦¸®
keh6013,»ïÇüÁ¦¸¾
risapa,Á¦ÁÖÀ¯µ÷
yoonhee_93,Àåº¸½º
soultree0108,¸®¶ó
mini_ppoppo,¹Ì´Ï»Ç»Ç
candycoco10,´Ù¸ğ¾Æ
iriver720,¸ğ³ªÄÚ
aass297,°¡¿Â´©¼ö
drinklaw,SOS À½ÁÖ¿îÀü ¼¾ÅÍ
3568045,¿ì¾¾
quattroher,Çæ
jbh8839,jbh
pgs3996,¹Ù¸¥»ıÈ°
lubkhaki,·´Ä«Å°
onlyoneg123,¹®µ¥·¼¶ó
7167__,Miss Park
pokachip812,¶Ñ¶ÑÄı
hoon-oon,À±Áö
uu_109,³È³È
cfm21k,·¹µåQR ±èÇĞ¼ö
jiansarang,´Ş´ŞÇÏ¿ì½º
jjhzzon,¼ÕÈï¹Î
hui9211,ÀÚµ¿Â÷ Áø´ÜÆò°¡»ç
rinanara12,Ssong
kormother,ÄÚ¸®¾Æ¾ÆÁÜ¸¶
the_capitalist,²Ş²Ù´Â ÀÚº»°¡
wdy9430,Å×Å©Åä´Ï
platonicloveu,»©»©¸¶ÀÌ¾î
sukkyung70,º¯Åä³¢
chanee_ee,Âù±×·¹
kcjlee,±èCÄÁ¼³ÅÏÆ®
mecandle,°í°í¾Å
kskr3105,miss¾û¶×
reina46,À¸Âm
queemstoyz,¹Ì¾²¿À
qudwn1100,´õ¸¸Á·
navy2912,°ÅÁ¦µµÆ¯ÆÄ¿ø ³ªºñ
cleanwaxing,¿Î¼­¹Ì¹ÌÀÇÀÌ¾ß±â
eee2333,¼³ºñ ¾ÆÀú¾¾
govira,·¯ºí¸® ±èÅÂÀº
haeundo,ÇÏÀÌÄÁ¼Á
kejuul,ÀçÅ×Å©¸Å´ÏÀú
svc1133,Ç³·ù±âÇà
jooyung421,Àº¿ù
qlsdl50,È¢»á´Ï
bolddak81,ÄáÀÌ
taemoms,ÅÂ´ÏºÀºÀ
barim12,È­Æ½
wisdom110721,ºä½ºÅ¸ ¶ö¶ó¶ó
bigfish3,ÅäÀÎ°øÀÎÁß°³»ç¹«¼Ò
ttajo01,ÇãÈ°
rhskqlgksl,¼Ò¶ó¹Ì
svgcwqciui12,¿©ÇàÇÏ´Â J
hanbitnuri,ºí·ç¸á·Î¿ì
suna6864,±â¸°¸¶ÃëÅëÁõÀÇÇĞ°ú
ronuo7406,»ó¿©ÀÚÀÎ°¡
yeonha6545,º¹±¸´Â ³ªÀÇ Èû
britishcouncilkorea,ÁÖÇÑ¿µ±¹¹®È­¿ø
dddikkko,µå¸µÅ·
98mania,´ÚÅÍ¸Ó½¬
goodmikael,±Â¶óÀÌÇÁÄ¡°úº´¿ø
lemona_cho,·¹¸ğ³ªÃÑ
alkong224,¾ËÄá´Ş
shinuk,ÇÏÀÌÆÛ½¯µå
viviyeona,¿©³ª
ohzzing_0089,¿À°æÁø
soddong2020,¼Ò¶ËÈ÷
byrim84,¹ÙÀÌ¸²
qkrrmawk5150,³Ä¿Ë
tpqms54,¼¼Á¾Á¶Ä¡¿øµ¿¾çÅ±º¹½Ì
dltmfsla0402,½´¸®
vlzkvlzkcb1,¸¶Ä«·Õ
audrk704,¸í°¡
mgmg0008,ÈñÈñ
gbnadri,°æºÏ³ªµå¸®
saver56angel,¤¾ÇØ´ŞÀÌ¤¾
na2429,»ßÄ«»·Â½
wjdsla2826,µÕÀÌµÕ
a8908262,ÄğÂÄ
ssroming,O2SAE
heroheal,¿©´Ï¿ö´Ï¸¶¹Ì
sidna,´Ù¶÷ÀÌ
teammac,½Î·ÎÄO¾Æ
bichon-haru,ÇÏ·ç¾ö¸¶
bucketlist79,Ä·¸¶³à
skagud7325,º¸¸®¶×
c131444,Á¦Ãµ²¿¸ÍÀÌ
go_explorer,ÇØ¿Ü±³À°ÁøÈï¿ø
gracek1005,±×·¹ÀÌ½º
kproland,±×¸°°øÀÎ
jung_nh,ÂÄ³ª¹Ö
1978mm,¹èÂ¯ÀÌ
hahastudy,³ª·çºÀ
lolrabbit,¸ŞÀÌºø
doheero,¸¶Áß¹°
whitepolarbear,ÇÏ¾áºÏ±Ø°õ
sanaella,»ç³ª¿¤¶ó
kong_jee,ÄáÁö
motherya,Áö³ª
80wind,»êÅ¸ÀÚ»êÅ¸
samlove1202,SAM Couple
naya399,Ä®¶ó
kcy486,ÇÏÀÌÁø¼­
hshyun0602,ºê·Îµğ
rose_hwa,·ÎÁö
moojiny78,»Ú¶ìÇÇÃò
duri3576,¸®¸â¹ö
sykim4767,¹Ù³ª³ª¿ìÀ¯Á¶¾Æ
dotorynamoo,Yoon J
jupippi,ÁÖ»ß»ß
7073879,±èÂ¥Àå
lovemarblee,·¯ºê¸¶ºí
cafe_heeso,Èñ¼Ò
parksb44,¼­Ãµ»ç¶û
gudwldnd,Äğ¿ÍÀÎ
hong273526,¾Æ°ø
sookii96,½´±â
kyena200,½òÆ®
slds2,ÀÔÁúÀÇ Ãß¾ï
opurple486,Á¤ÆÛÇÃ
a-cute-bear,¾Æ±â°õ
eka7buy,¹æ°úÈÄ±³»ç
minhae9191,¹Ì³×Äí
gompange9,°õÆÎÀÌ´ŞÀÎ
cherrypuddin,Ã¼¸®Çªµù
beargobear,Journey Bear
gjtnwns,Çã¾¾
gaonlog0826,°¡À±¸¾
onhijini74,ÀºÇÏ¼ö
sayuli8175,»çÀ²ÀÌ
kas2724,ºñ°¢
doros84,¿øÀÚ
jejupay,Á¦ÁÖÆäÀÌ
ehrxmr13,ºóÀÌ
kkmyeong114,¼ÂÂ°
emily233,½î´Ô
carvius,Ä«ºñ¿ì½º
sheyr,µÎ±ÙµÎ±Ù
onesally1,¶óÀÌRay
gagu-4989,Áß°í°¡±¸4989
lovelyr929,²É¶ó´Ï
mjpiglet,¹ÎÆÃÀÌ
paulmink,paulmink
brightly_z,¾ÆÀÓ½î
kittykitty486,²ÉÁ¤ÀÌ
dlstj0430,¾Ë²É
jkexpress24,Âô¾ÆÂô¾Æ
raegwon_shin,ECOU battery
waterproofhand,ÀÚÅ½»ı
diego82,¶õ¾Æ
sulflower,´«²É
merim6024,¸Ş¸²
mwigeuosfr,Ã¶ÀÌ¶û ¹Î¾Æ
98728652,ÈÄ´Ï·Î´Ï¸¾
rimocon2000,È£È£
ysjyshhs,µµµµ¾ç
tjrdlskadl,ÇÔÆÀÀå
winnermdek,»ç¶óÈå
udmz007,ÆÄ¿ö³ë·©ÀÌ
s2_0606,ÀÌÂî´Ï
eyesens0519,junohm
kittykitty8100,´õÂøÇÑ ºÎ»ê¿ë´Ş
labbor,¼Ò±İ²É
kangwingka,°­À®Ä«
um777taejoon,19TED
jagasary1,ÁÒ¾ß
leesuna811,¾Ç³à½á³ª
tlsrbek110,tlsrbek110
kong_s_mong_s,ºŞºŞºñ´Ï
jkbhnppjgiv,°Ç°­ÀÌ
bambi2646,¿æ¾Æ
theboni,ÆíÁıÀå º¸´Ï
dkcaihong,Â÷ÀÌÈ«
quattroher,Çæ
bmw0736,¸®¸â¹ö ¹¬Âîºü
jujgkaj,ÁÖÆÀÀå
muse1514,NANA
mitnrl0720,¿À´©ÀÌ¸¾
ktourbest10,´ëÇÑ¹Î±¹Å×¸¶¿©Çà10¼±
ilovezzangv2,Çà¿î
gganda12,Ãµ¹æÁöÃà¾àÃÊÀÌ¾ß±â
kimcapy,È¨¾ØÈ¨
walabiii03,¶óºñ
kkuriman,ÇÏ´ÏÁö´Ï
khjasj0478,ÀÚµ¿Â÷ 5¹ø°¡
danjin24,»ê¶æÇÑ º¸Çì¹Ì¾È
gyrod17,°»½ºÅ¸
doem011,ÆòÅÃºí·çÅ·
kdg971001,°­³¶Äá
donga4kim,»ı¸í·Â
cafe-333,¹Ù¸®½ºÅ¸ ½ÉÃ»ÀÌ
zzoa1229,º½¾Æ¿µ
mitao685,ºê¶ó¿î
mainby,¸Ô¿äÁ¤
khjasj0478,ÀÚµ¿Â÷ 5¹ø°¡
kim130802,Ä«Å»
yegarim,¿¹°¡¸²
tmddk715,³»°¡½ÂÈñ´Ù
wistillbeautiful,¼Ò»ó³­¼Ò¿ù
milee0822,¸ù»ù
416yellow,ºä½ºÅ¸³ª´Ô
story_cht,¸®¾ó
kjy911203,À¯´ÏÀ¯´Ï
stopper123,viviant
nammk92,ÄáÄáÀÌ
peace8012,·¹Áñ¸®
aaaa10432,ÃÊÀÌ
doohyun_system,µÎÇöÃ¢È£
doridori8890,¸Å·Â´Ô
sabbataist,È«µµ´Ï
1x98sqfdla,±Ô¸²ÇÑÀÇ¿ø
mong728,±â¸Õ
as1kl,È£±âÈ£
haniyamyam,´×²¿
sangsaengstory,°øÁ¸°ú »ó»ıÀÇ ±â¼ö
gksmsla771,µÎµå·¡°ï
tnqkrgksxhd1,¸Ş¸àÅä
sybangse,¼­¿ïÈÖ
carmateme,carmateme
bumblebee1719,½ÃÀÛ°ú³¡
kijima7,·¯ºêÈ÷³ª
huk2lover,ÅÃ½Ã
challenge-2018,´ºÃ§¸°Áö
toki_s,toki
chefzzong_,Á¾°¡Áı
e_gray,¸ğ³ëÅä´Ï
onlyonej,´ÚÅÍÀÚÀÏ¸®Åç
nn1114,ºí¸®½º
sarang612,È²Âî
lhs3702,²ŞÀÇºñÀü
ekdzhd7777,¼ÕÅÊ
altjs1112,¿ôÀ½ÀÇ¿©¿Õ
guguclean,±¸±¸Å¬¸°´ÚÅÍ
yohandb,cafe412
zet3042,Á¤Ç°ÀÚµ¿Â÷¹èÅÍ¸®
mgcostom10,¸¶¿ò
cheongmipub,Ã»¹ÌÃâÆÇ»ç
yel_1004,¼Ò±¹
inalove,»Ç·Î·Õ²¿¸¶¸¶³à
moo4114,¿©°æ
csjrlove,¹Ì»Ú´ÙÀ¯Áê
lovelovenat,³ª½Ü
dd0n0bb,¾Ë¶ó
hrlee10102,¶¯¿­ÀÌ
ultrabat,½ºÄ«ÀÌ
agape7178,Ç»¾î¾Ø¶óÀÌÇÁ
tkdgusdl3000,ÄÉºó
mymin0112,¸¶ÀÌ¹Î
merryseaa,²Ş¶ö¶ó
witchyoli,¸¶³à¿ç¸®
witchyoli,¸¶³à¿ç¸®
joyfulhoony,È£ÀÌÈÄ´Ï
bsy615,Á¹¸®
crom234,ÇÇÅÍÆÒ
hoon-oon,À±Áö
ruruvvee,¼Ò¸®
gwangyangsi,±¤¾ç
knights7477,³ëºÎÀå
gogogohy,¿ì±â±×·ì
leeha517,µ¿È­ÀÛ°¡ ¸®ÇÏ
han4869,½Å¶ó
helloyuni0725,À¯´Ï
moonmogabi,¸®¾Æ
goodjcs,Ä¸Æ¾
limjino,Âî³ë´åÄÄ
tmdal6627,Minvely
mphc01,¼­³ª
yja305,¸Ó¸®Áã³ª
alsk_2919,À¯ÂŞÂŞ
rok5878,²À¹Ì³²
rok5878,²À¹Ì³²
nhicblog,±¹¹Î°Ç°­º¸Çè°ø´Ü
koo_yu65,½º¹°ÇÑ »ì ·çÇÇ
sseop55,¼·³ª¶ó
geniegang,¾È³çÁö´Ï
happylyr,·¯ºí¸®¿¹ºó¸¾
l_absurde,Àº
ntscafe,´©¸®¿ì¸®
lovelyjjan,²Ù¸®º°
lovingssu,¸Å·ÂÀÖ´Â ¾¥
huchi0070,BBoM
m_nura,´©¶ó
ego1982,¿ÀÅ°·ÎÅ°
lapin22,Åä³¢»ç¶û²Û
canadawow,Canada wow
seagreen0314,±è¶¨ÀÌ
tnwlvk2080,²ÉÁö¾Æ
unitycode,¸®¸®
dntlo,¼·´ÚÅÍ
ppeunimama,»Ú´Ï·Õ
ssinwwon,ÀÎµ¹¼­µ¹¸¾
cuty2531,Á¦ÀÎ
soary81,¼Ò¶óÀ®Áî
wjstnqls44,Áø È£¶û
jinjin2580--,µô¸®µô¸®
besttaco,È­ÀÌÂ¥
ob780830,Ä«¾Ë³²
neverthelessdo,ÆÎÂî´Ï
hsk0328,¹Ì¼ÒÁö±â
donald3355,ÇØÇÇµµ³¯µå
danbal11,½Ì±×·¯¿îÃÊ·Ï
85perfume,²¿²¿¾ğ´Ï
redpwind,²¿³ª¸·¸¶¹Ì
hj2307,¿»·Î·¯¹ö
ifthey,ÀÌÇÁµ¥ÀÌ
gmltjs5030,½á´Ï
keunsuk50,²ÉÂî
thdms914,¼Ò´×
kbjin1234,K¶Ê·¹¶û½º
clicksoojung,jotacoo
starry41,Á¤´ã
a03604,Á¦ÀÌÄÉÀÌ
gjtnwns,Çã¾¾
keh6013,»ïÇüÁ¦¸¾
yjboa86,À±´ó
nnibr_re_kr,±¹¸³³«µ¿°­»ı¹°ÀÚ¿ø°ü
maeng_ee,¸ÍÀÌ
zbvlxj0301,²É´Ô
lqud,Á¦Á¦
yeppys1230,Çàº¹¼ÒÅë¾ÈÇö¼÷°­»ç
chois909,ºä½ºÅ¸ ²¿¹Ì±³
sukuns,À¯¸Ó¿Õ
oes35oes,°»´Ï
h_daily,È÷¾ß
qwe5559,¿¡µà¹Ú½º
clpsma,¿ì¼­¶ó
peacetime9,µ¹ÅÊ
ghddofus0624,Ã³À½ ±×°÷À¸·Î
mbastudy,ÅÍº¸832
tourgallery7,·¹¿ÀÄÄ
j2toto,¸¼À½ÀÌ
bestkkim,µ·´Ùµ¹¾Æ
kbmy20,·¯ºê¿£Á©
asyasy0303,´Ş´Ş
bluebuskr,ºí·ç¹ö½º
psyduck69,»§ÆÄ´ö
layups,¼­¸¥ÁîÀ½¿¡
jh2y3,ÆÒÀÌ¸¾
julietmeeso,¸»°ı·®ÀÌ »ø¸®
cio629,¶óº¥´õ
comwel2009,Èñ¸Á´©¸®
tjdrud34,³ë±ô
keh6013,»ïÇüÁ¦¸¾
ym0413lee,°ñ¹æÃ¶ÇĞÀÚ
witchyoli,¸¶³à¿ç¸®
kdhanbang1,¶È¶ÈÇÑÀÇ»ç
rose2714,rose2714
ntscafe,´©¸®¿ì¸®
hyoung7371,³¯´ÙÈñ
youngcraft7,¼ö¼º¾ÆÆ®¶óÀÎÄ¡°ú
shirano82,´ÙµÕÀÌ¾Æºü
weddingday1112,±èÁÖºÎ
reginayun,·¹Áö³ª
beloveljw,Á¤ÁÖºÎ
reeyoung82,ºÎ½´¸¾
maruchi7401,ÇØ¶û
naji0279,±ôÂïÇÏ´Ï
mk5104,¸í½ÇÀåÀÌ¾ß±â
qonemkt,Å¥¿ø
ymodee,À±¸ğµğ
blu2sky7,¹«»óÈÆ
pomon64,»±°úÀÌ
yulchoi93,·çÀÌ¸¾ ÃİÀÌ
nice201488,¹Ù¶÷ÀÌ ºĞ´Ù
uni7928,ÇĞ¿ø ¾Ë¸®¹Ì
myhoney1004,À²ÀÌÅëÅë¸¾
katie85,creamcream
seong4002,¶Ë±×¸®
allthatseoul,Å¥ÇÃ·¹ÀÌ½º
janginstyle,ÀåÀÎ°¡±¸
jingyoopark,ÄáÀÌ¸¾¶óÇ®
dydtn1984,¿ë±º
gyrudp,¿À¸®Â¯
qnwkdjaak78,½ÃÅ©·¹µå
lqud,Á¦Á¦
joo1609,ÁÖÁÖ ±è¼±ÁÖ
echo78,±¦Âú¾Æ
honeyjeju1,Çã´ÏÁ¦ÁÖ
a1ohee,¾Ë·ÎÈ÷
hiksanin,ÀÍ»ê½ÃÃ»
namhae_gun,º¸¹°¼¶ ³²ÇØ
loveme90000,°ñµå½ºÇ¬
mgcho3,ºä½ºÅ¸ Ä¡Ä¡¹Ö
pantonepaint,ÆÒÅæÆäÀÎÆ®
propose0001,°í¹«°í¹«´ë¸¶¿Õ
yeonjuu77,±ñµû»ß¾ß
powcar331,Âû½º
cityofa007,ÀşÀº ¾ÆÀç
elixir0827,´õµé¸®
helphelpsos,ÇØ´ãÂù
kkulee,Çã´Ï
mimimimi0510,¹Ì¹Ì¾ö¸¶
hollyaco,È¦¸®¾ÆÄÚ
ds_gift,ÆÇÃË1±ŞÀü¹®°¡ µğ¿¡½º
phs02495,ÇÃ·¯½º·¹½ÃÇÇ
ekswldkvkxm2,1µîÇÒ¸Å
syhong0084,²¿¸ÍÀÌ´©³ª
sism1029,Áö¶ö¹ß¶ö¼±¹ÌÇü
keiti_sns,Ä£È¯°æ¼Òºñ¿¬±¸¼Ò
baeyujinavi,¹è³×ºñ
chakanwolf1,chakan wolf zillai
freestory99,Be a friends
soon7268,soy milk
sinachoco,½Ã³ª
100ssen,¼¾
kagawalove,Ä«°¡¿ÍÇö
pparksomin,½æºí¸®
jeonju_city,ÇÑ¹ÙÅÁ ÀüÁÖ Áñ±â±â
mjymodel,Çã±â°øÁÖ
navy2912,°ÅÁ¦µµÆ¯ÆÄ¿ø ³ªºñ
kagawalove,Ä«°¡¿ÍÇö
yj2272956,²¿¸Í¸¾
wlgus1206,½ºÀ­´ŞÄŞÁöºÀ
chrisjek,´ºÁú·£µå Çã´Ï
jhr1844,Á¤Ãµ
xoghd1971,ºÎºÎ±ò²ô¹Ì
ddawndew,¼ú¶÷¹Ì
realestateland,Âğ¿­Á¤¸Ç
psy9133,Àº¼ÖÈñ¼·mom
sunsun1890,ÇØÇÇ´Ï½º
fubiani,By ºñ¾ß rain
kkkkangta,³ª¿¤¸¾
okddoo,¿Á¶Ñ
katie85,creamcream
bambi2646,¿æ¾Æ
paper-fit,½îÀ× ÇÍ
maize210,¸ŞÀÌ
eddie_516,¿¬
musuleetwo,Àå°¡µå
kimyeji901030,¸ğ³ë¶óÀÌÇÁ
ssdria,½ö½öµå¸®¾Æ
kimyeji901030,¸ğ³ë¶óÀÌÇÁ
hihshihs,¾Ó¶Ñ¸£
haha3312,»×»×ÀÌ
kizaki56,¸ù¸ù
sagak815,»ç°¢»ç¸¶
jh2y3,ÆÒÀÌ¸¾
kjia76,±ô»ó
cherrypuddin,Ã¼¸®Çªµù
achellnet,Äá¾ËÀÌ ¸®¹Ì
achellnet,Äá¾ËÀÌ ¸®¹Ì
alumee860412,¿©ÇàÀÌÁÁ´Ù
incheontogi,ÀÎÃµ½Ã
seowooblog,µ¥ÀÏ¸®¼­¿ì
sol_2love,Çàº¹ÇÑ ÀºÁø¾¾
pooh0512,²ó¿ì
ws20233,Æç¸¯½º
audgus0122,È£Å½ÀÌ
qkqh8480,ÃÖ¾²¸®
ppoby1004,²Ş»çÅÁÀÇÈ¿´É
ppeunimama,»Ú´Ï·Õ
jiwxnii,hope
roynmin,²Ş²Ù´Â·ÎÀÌ
adela08181,¾ĞµÑ
seek_and_eat,½Ä»ç¼÷°í
transartists,Á¤ÀÇ¼®
jjy790888,ÄÉŸå¸¾
6626mk,°¡À»
prodeller,ÇÑ¿µÈ¸¿ø±Ç°Å·¡¼Ò
rafiuta,À¯¿¡
origan75,ÈÀ½ºÅ¸ÀÏ
briantracykr,´õºíÀ¯¾î½º
suna6740,Àº¼ö±â
ellruah,¹Ù´Ò¶ó
ungsblue,»çÁøÂï´Â ¸¶ÄÉÅÍ
mansu9925,°øÀå³â
fow99,¼¼±İ¹Ú»ç
bavaroism,¹Ù¹Ù·ç¾Æ¹Â
dodamine1124,ÁÖÇÏ
indy,½É½ÉÀÌ
mansu9925,°øÀå³â
fow99,¼¼±İ¹Ú»ç
bavaroism,¹Ù¹Ù·ç¾Æ¹Â
dodamine1124,ÁÖÇÏ
indy,½É½ÉÀÌ
warm_today,µğ¿£´À
pjsvak,oOÃÊ·ÕºÒOo
kobyungja,Á¦ÁÖµµ °íÆÀÀå
jooyung421,Àº¿ù
heasungpak,È­ÁÜ¸¶
misulchoi,»ç¶ó
potoi,ÇØÇÇÆ÷À¯
sukuns,À¯¸Ó¿Õ
onew54,ÀçÈñ
gobogi1102,²¿ºÎ±â
designpress2016,µğÀÚÀÎÇÁ·¹½º
greedady,INFORMER
babpoolk,¸ÛÇÏ´Ï
eddy0924,±Û¾²´ÂÀÌ
nuctom,¼­¾çÈ­°¡ ÃÖ¿¬¿í
