user_id,blogger_nick,newest_post_num,oldest_post_num
@00mm,mm,32,1
@0701025,lydiak,51,1
@0to1hunnit,스눕피,222,1
@12myapril,풍경달다,198,1
@137tjdqo,전성배,524,1
@2u2mi,금도끼글도끼,5,1
@3320n,해윤이,52,1
@555555,카라반,120,1
@7monaco,그림책살롱 김은정,61,1
@9sungjin,구성진,37,1
@acdcrock,김성대,400,1
@aioqer,소나씨,24,1
@aiross,천일의 글쓰기 박요철,659,1
@akstory,Anthony,393,1
@alchemistkit,호랑냥이,341,1
@allstay,올스테이 조사장,1666,1
@alphamj,김민지,54,1
@amaranth,Amaranth,37,1
@ambler,낮잠,179,1
@amournuna,amournuna,192,1
@anyzzing,any찡,3,1
@aorigin,감성난민,87,1
@aporia93,아포리아 Aporia,112,1
@arrnoh,아르노,73,1
@asbell,MinZhu,14,1
@asherjkim,김정균,78,1
@astarme,법과의 만남,144,1
@astral206,전민철,28,1
@atoi02,다중이,29,1
@audioplaza,오디오플라자,74,1
@baccalaureat,김요섭 Ubermensch,26,1
@banggl,sagitarius,15,1
@bassj,콜럼버스,67,1
@beanprofiler,Bean Profiler,181,1
@beennote,빈노트,198,1
@binkond,이용한,1579,1
@bitcoin,WK,13,1
@blacktf,여기어때 Black,132,1
@blueprint90,이기라,33,1
@blueribbon,파란리본 황정희,65,1
@bluesalt,장작가,4,1
@bokyungko,고보경,34,1
@bookon,부크온,184,1
@bostondiary,Ellie 수현,99,1
@brunch30,류형정,71,1
@bteach,B선생,17,1
@bulgasalee,불가사리,15,1
@byhoj,청년홈즈,82,1
@byphapha,byphapha,7,1
@canachona,카나,154,1
@candorfoerst,진정성의 숲,146,1
@captaindrop,가가책방,588,1
@ccantare,박현미,49,1
@cciflow,엄지왕자 aka C FLOW,45,1
@chanda10,푸에코,2,1
@charcol11,요술램프,16,1
@chass3,차성섭,263,1
@chawurim,차우림 이원종,24,1
@cherrygrove,캡틴서 꽃형님,13,1
@chin75bcij,청명 Jin HyeonJin KMAC 경영컨설턴트,120,1
@clearncool,모카,101,1
@codu,codu,7,1
@coh2237,효군,17,1
@comnsee,comnsee,19,1
@coolivaworld,웨딩해,279,1
@cooljhjung,추억바라기,51,1
@curahee,Daniel,82,1
@dahee1101,pathfinder,23,1
@dailylife,데일리,1540,1
@dauac,장재용,51,1
@delivan,유정혁 delivan,10,1
@dighghwl,쳐뤼,41,1
@dlrudwhd0831,긜잡이,28,1
@dms0gml,천은희,11,1
@doomok,두목,112,1
@dreamisme80,김진수 밀알샘,427,1
@drillmasteer,교관,99,1
@dryjshin,신박사,323,1
@dsp9596,동구리,599,1
@eastgo,신동진,1106,1
@ecotown,에코타운,367,1
@editorchaerimma,풀 그리고 숲,1,1
@edwardjyoon,Edward Yoon,4,1
@eee1201,성장하고 있는 아빠,104,1
@egg963,이승희,50,1
@ehan,E Han,173,1
@elioli,장세아,5,1
@empathy,강민경,134,1
@eundang,이임복,786,1
@eveningnamoo,박상영,23,1
@eye-smile-00,검안사Kim,39,1
@fairystar,fairystar,130,1
@faltontruck,Dante Yi,22,1
@farawayfrom,Far away from,828,1
@fastfive,패스트파이브,165,1
@feeling82,나성훈,104,1
@feerblue,wild,333,1
@fepe2019,김동진,7,1
@fibroidiary,룡이,96,1
@filmkiller,깊은뜻,52,1
@filmphotography,조정범,38,1
@finda,핀다 FINDA,524,1
@floralboat,손명찬,192,1
@florang1106,이호랑,50,1
@fogdrip00,밑줄긋는여자,52,1
@foodenjoy,김진영,258,1
@forreira,For reira,126,1
@frogsoo94,남쌤,62,1
@garmani37,한성호,55,1
@gemstone0319,하하보름달,11,1
@geuljima,글지마,221,1
@ggom,GGoM,93,1
@gihuneei,화수,12,1
@glo,GLO,234,1
@gloryoonp,박바니,22,1
@go-yo,진해여자,55,1
@goldman1030,DAYOFF,15,1
@goldstar10041,동그라미,55,1
@goodhus,좋은남편연구소,64,1
@googeo4s5z,민수샘의 장이불재,77,1
@gorrajeju,고르라제주,599,1
@greenpeacekorea,그린피스 서울사무소,317,1
@gyeong8348,이숙경,19,1
@gys3888,고용석,37,1
@habittogether,이범용의 습관홈트,147,1
@haebingahng,담쟁이,69,1
@haewa,해와,150,1
@handylady,순순,101,1
@hannahhs,해나,709,1
@hansoltop,안녕,4,1
@happyoon,해피윤,28,1
@healtip,힐팁,595,1
@heaven,헤븐,528,1
@hellodaddy2018,헬로대디,23,1
@henri4,쁠뤼,5,1
@heojungkoo,허정구,632,1
@heyground,헤이그라운드,76,1
@heyon,혜연,147,1
@hifiaudio,yk,43,1
@hks8089,도채비,1,1
@hohohyo,오호횻,26,1
@hojae4944,섬원,20,1
@hongmilmil,홍밀밀,67,1
@hosueng,쇼콜라떼,419,1
@huiwon56,히옹,529,1
@humming,허밍버드,5,1
@huns555,임군,477,1
@hurstar,허지영작가,19,1
@hwanyyim,고로케,41,1
@hwij,걷고,176,1
@hyuksnote,차돌,202,1
@hyunjoomo,모현주,461,1
@hyunjunroyseo,HyunJun Roy Seo,17,1
@hyunkyungpark,겨울매미,39,1
@iamljyoung,whoamI,12,1
@iamnannai,iamNannai,4,1
@icluedesign,이진영,3,1
@iihsksj9497,김성진,39,1
@ilovedoby,도비,28,1
@in-between,햇빛 윤,87,1
@infinitysun,김선아,19,1
@ioojoo,OOJOO,19,1
@irowa,이로와,23,1
@island4j,재희,76,1
@isms,인생미상,16,1
@isummertreehill,터미널에서 할 수 있는 모든 것,27,1
@ivfcore,황교진,217,1
@iykim,루바토,24,1
@jaegukrhee,오후의 책방,161,1
@jaeholeeevk2,Jaeho Lee,37,1
@jaulounge,신중근,46,1
@je2,JEI,44,1
@jeeheeha,하지희,138,1
@jejecafe,밑바닥에서 기어오르는 법,71,1
@jejur2,제주앓이,90,1
@jek1015,정은균,360,1
@jennifer008,BabysBreath,39,1
@jenny212,jenny,9,1
@jeonjiuk,전지욱,36,1
@jeonseulki,슬기,78,1
@jinanamoo,멜랜Jina,78,1
@jinnyim,피오나,54,1
@jisangwang,왕마담,36,1
@jiyekang,지예강,73,1
@jjeh99,앤에이,146,1
@jjinnylaw,찐니 변,128,1
@jobhelping,이대표,487,1
@jordan777,조던,3659,1
@journalist02,고도를 기다리며,33,1
@joylee5cep,이주아,30,1
@joym1224,베리조,31,1
@jscs,정세청세,11,1
@jsmbja,JA,288,1
@jsun9542,방육대,49,1
@jty21c,독서천재 정태유,12,1
@juancho,정환초,43,1
@julienpark77,박상우,5,1
@jumpflying,르넷,18,1
@junha04,박빵떡,44,1
@junitaky,어느 사피엔스의 글자욱,44,1
@jwhaha,Celine,45,1
@k5163460,김화원,8,1
@kalpore,웃음 심는 청년 허마일,11,1
@kamohaeng,감오행 서상훈 Contents Producer,105,1
@kanghun,안테나,59,1
@katiebomison,Katie Bomi Son 손보미,37,1
@keuncholjung,들큰철,161,1
@kimchaewon,김채원,5,1
@kimjogh,김조흐,98,1
@kimmh12728xrf,김명환,184,1
@kimpyogo,김표고,142,1
@kimseok7,김석,4,1
@kimstar1215,김벼리,962,1
@kisin,기신,531,1
@kjhpjy,JIJAE,33,1
@kjyw033,정달큼,45,1
@kkw119,경욱,179,1
@kokpain0323,김환희,329,1
@konggaeng,그림작가,57,1
@kongsam,공삼,227,1
@koreasool,이대형 전통주 연구자,84,1
@kyunghuh,허경원illust,180,1
@lea1027,레아,119,1
@leedh200,레드프라이데이,782,1
@leejs12345,이준수,907,1
@leekyeunga,LeeKyeunga,64,1
@leerang0616,이랑,74,1
@leex76,leex,35,1
@lifedesigneer,Life Designeer,25,1
@lifeplus,LIFEPLUS,330,1
@lisd1225,이동수,17,1
@ljg523,임재건,2424,1
@lonelyplanet09,김초연,19,1
@loveoftears,LOVEOFTEARS,448,1
@lovly8,러블리 김작가,239,1
@lumissun,루미썬,61,1
@madameleneuf,케일라KAYLA,33,1
@maenghuii,May,20,1
@magnoli,Mia,496,1
@mamolab,mamo life,32,1
@mangmangdylujz,편성준,257,1
@margrit74,제니스라이프,17,1
@mariandbook,마리 오유정,758,1
@marisamuel,도도네,53,1
@masilbook,마실,17,1
@masism,마시즘,558,1
@math9772,작가 신하영,207,1
@mean0413,미래에서온엄마 김보배,21,1
@meiyu012,글캅황미옥,589,1
@mel5ng,당산팔육,18,1
@mija0307,Beneric Kim,44,1
@miji82,이미지,51,1
@min9195,김상민노랑가방그림작가,782,1
@mind,내 삶의 심리학 mind,102,1
@mingookang6toc,HiStory 그 남자 이야기,22,1
@mintblue918,우아한밍블,5,1
@miracle205,뉴욕꼬질이들,89,1
@miraclesavitri,미라클 사비트리,17,1
@mjmovie,박민진,490,1
@mndstarr,마음여행자,163,1
@modernmother,모던마더 정재경,196,1
@modiano99,박민우,353,1
@modusign,모두싸인,34,1
@moneymaker,하윤아빠,7,1
@mongchi,mongchi,626,1
@monna7,최보원,428,1
@monolog,혼자의 혼잣말,6,1
@moviedream,안현정,4,1
@moviehouse,Rabbitgumi,311,1
@mrs-ssong,미쎄스 쏭,63,1
@myolivenote,올리브노트,1632,1
@mysticcandytale,젬마,59,1
@n12ll,정현진,131,1
@nanazaraza,SJT,17,1
@natrsci,Natrsci,70,1
@nch0209,노창희,61,1
@networkt1mv,갈대의철학,1258,1
@newcritic21,김유경,30,1
@news33,윤삼근,4,1
@nfrmcoworks,뉴프레임코웍스,40,1
@nhjin06,나현진,22,1
@no1press,따쭌,341,1
@nomadrid,Nomadrid,9,1
@nonie1,김다영 nonie,155,1
@notyethd,Not yet HD,27,1
@nowhere99,nowhere,20,1
@nugunchrome,최크롬,9,1
@oder,PP,11,1
@okfriend,어린이어깨동무,3,1
@oldbreeze,oldbreeze,99,1
@onestepculture,한선생,342,1
@onetrip,마케터H,21,1
@orpheus52,오홍진,118,1
@osso,오도,291,1
@own0327,ㄱㅅㅇ,33,1
@pain2c,폐인이씨,32,1
@passionw,해마지기,3,1
@pharm-artist,욜로는 무슨,108,1
@phenomak,kyo,17,1
@plucky11,ookjam,1,1
@poohzing1hbx,푸징,76,1
@potter1113,DAY,181,1
@power8891,썰킴,44,1
@prettyramga,람가,7,1
@profound29,하와이룰즈,204,1
@punpun,푼푼,129,1
@qkrgydms322,hari,997,1
@rahyeon,라박,17,1
@red7h2k,다녕,11,1
@renerateau,노아,47,1
@richboy,녀석아비,16,1
@rlqpsfkxm,가려진 시간,458,1
@rokafhwang,황상열,505,1
@roysday,박창선,428,1
@ryuye0605,소심인,3,1
@saje,세이지,19,1
@sally095bzzs,jelly,7,1
@sangpil14,김상필,11,1
@saramsazin,사람사진,83,1
@sashiko,SASHiKO,4,1
@savvyoon,소행성 쌔비,476,1
@scr3905,윤성민,27,1
@se7088,한명화,1577,1
@seolleda,설레다,111,1
@seongholee,비열한백구,126,1
@seonjaart,다나 김선자,1,1
@sgyang,양선규,392,1
@sharpshooter,샤프슈터,46,1
@shonch3,봄봄이 아빠,1,1
@sidmelody,sid,99,1
@simmani2013,강정욱,120,1
@sine,노란색 고양이,238,1
@singjiwon,싱지원,37,1
@sjm0105,에디슨,69,1
@skyjet,성상민,103,1
@slist,싱글리스트,1367,1
@smallhappyness,이주희,272,1
@sniperetp,Shinzzo,4,1
@somedaisy,미지,22,1
@sonagi240,sonagi,67,1
@soozo,수조,21,1
@southpaw0,손대웅,16,1
@soyeonkimalq8,Soyeon Kim,5,1
@spacebar,space bar,58,1
@spillthebea,안혜령,105,1
@ssena222,엄마는대학생,67,1
@ssoyounghi,쏭쏭,42,1
@strangerji,Ji,143,1
@sunnygoes,써니스타쉔,95,1
@sunnynov,sunnynov,5,1
@supersupa,supersupa,231,1
@suuup,김윤섭,46,1
@sweetannie,박영희,188,1
@taeki5586,글짓는 목수,117,1
@tbd06082,사하,10,1
@tenbody,텐바디,2474,1
@thecommaa,더콤마에이,101,1
@tina2347,이혜민,13,1
@tndusdosz,Elliesu,33,1
@tothehuman,Pearl,30,1
@travelna,온정,59,1
@travie,트래비 매거진,632,1
@ts2010,조성범,648,1
@uggae85,어깨아빠,489,1
@up-up-1971,들꽃 정 선주,369,1
@valuechampion,밸류챔피언,63,1
@veni0330,민시호,55,1
@viennaworkshop,아자부 공방,10,1
@vincentjung,켑틴 제이,145,1
@visualvision,happy sunny,2,1
@vos7942,Flying Hoya,91,1
@vytlgud,표시형,212,1
@watcha,왓챠,88,1
@waysbe,WAYSBE,56,1
@webtutor,교실밖,86,1
@weseesaw,SEE SAW,181,1
@whalesports,최영준,41,1
@whwo1878,지니아의 책방입니다,12,1
@willlink,Willlink,51,1
@wisdomcandle,위즈덤캔들,6,1
@withgo1000,자유중독,9,1
@wiwidayss,이숭이,231,1
@wjddnfka333,위그WiG,108,1
@wl1993,haley,24,1
@wlgkcjfdks,Terry,22,1
@wonderland,WonderPaul,162,1
@worknlife,일과삶,392,1
@workplan,슬로우리,3,1
@ws820512,오레오오,448,1
@wssky,꿈부자,241,1
@x1nikh,곰살,27,1
@xcape77,실배,61,1
@yangra,양라,15,1
@yaya35,석동연,75,1
@yeonjaeashley,이연재,42,1
@yeonjikim,기자 김연지,343,1
@yeonushiny,연우빛,48,1
@yesi2ufb,예시,86,1
@yium38317,지하,28,1
@yjjy0304,송유정,101,1
@yonu,여느Yonu,275,1
@yookeunchang,내가 꿈꾸는 그곳,294,1
@younghoon,영훈,71,1
@yrkstudio,wonder kimmmy,342,1
@yumi88691,덕규언니,37,1
@yumiaixin,메가스포어 megaspore,287,1
@yunha-yuna00,룬샤,39,1
@yurikimsqt,명랑한삐삐,34,1
@zenzen25,젠젠,19,1
