user_nick,user_id,collecting_date
?붿뒪而ㅼ뒪,BlueDiscus, 
CINEKOON,CINEKOON91, 
KittyHawk,CV63, 
?붿뒪??HRDSK, , 
Lapis,Lapis00, 
?좏쉶?좎깮,Mryuukai, 
PKKA,PKKA1918, 
Ryunan,Ryunan9903, 
?먯옂?섏씠??SLhite, , 
?됰텞??URAAAAAA, , 
Uglycat,Uglycat, 
?�?꾪궎,anngabriel, 
artistY,artistyang, 
濡쒖삤??atonal, , 
諛섎떖媛�硫?bahndal, , 
怨좎뼇?댁뵪,bestwish, 
chan,chan, 
?섎퉬,chou2, 
苑ㅼ젣?쒗븳 ?쇱쓬??cyrussd, , 
Defabio,defabio, 
deokbusin,deokbusin, 
泥좎떖??dk12, , 
?먮Ⅴ怨좎닲,doncjesuis, 
eggry,eggry, 
EST,est46, 
?곕젅湲곗껌?뚮?,gerckm, 
glasmoon,glasmoon, 
hansang,hansang, 
?밸몢?κ뎔,hsong, 
?대Ⅸ??iandyou, , 
湲�由?ingleeman, , 
?ㅻ━?꾨━,itnering, 
?좊퓣由?jampuri, , 
臾대챸?≪꽕媛�,lusian30, 
轅�?곗쑀,milku, 
?덊??명샇??nestofpnix, , 
?먭렇??news, , 
玉롥뜷,number81, 
珥덈줉遺?orumi, , 
怨곕룎援?phanzer, , 
?ъ떆利?purplebeat, , 
?ㅼ삤移대?,purpwolf, 
Oso,quidproquo, 
?덉퐫,redcomet, 
?덈뱶?쇱돩,redfish, 
濡쒓렇?⑦떚??rogueontie, , 
濡쒕━,roricon, 
?쒕줈鍮?seorovit, , 
shampoo,shampooo, 
?←쥗耶?soakaeofh, , 
Robert,soskr, 
spikey,spikeyIT, 
?щ컮?쇨린,ssunbaragi, 
Arcturus,sukhoi, 
?ㅼ셿以�,swanjun, 
?�?꾨쾭??timebird, , 
?띿감?꾨몣,tirano, 
?붿젣,tomino, 
Tomufu,tomufu, 
梨꾨떎??totheno1, , 
?댁슂,tripp, 
媛곸떆?섎젴,waterlotus, 
SKY與?whitedwarf, , 
abu Saif al-Assad,zairai, 
zen,zen5852, 
議대떎由ъ븞,zondarian, 
