user_id,user_nick,collecting_date
00cys,瑗щ쭏怨? , 
00starhyunju,蹂꾨튆吏湲? , 
00sweetlove,?뚰뭾媛?붿뿬?? , 
1192082417,?? , 
0122kj,由ъ컡二? , 
051artestudio,?쇱씠?ъ엵?? , 
0807twins,諛곌퀬?덈쭣, 
119dud,?곷룄由? , 
17hyosang,?곗씤鍮? , 
1981tkdal,?덈뜒???곷?, 
2012spoon,SPOON, 
20o_o02,?뺤?, 
24go2482,?댁궗怨? , 
31517013,DAILYMADE, 
3dnjf06,?쇱썡, 
416yellow,酉곗뒪??섎떂, 
47a1xssvf,?꾩컡, 
4bubuss,源붽퉼遺遺, 
5004parkdo,?ъ? ?뚰뙆, 
514063hm,?좊땲, 
6146777,?댁빞而? , 
63misschoi,?좎?, 
6k2ift,移댁뭅移? , 
6sh3w,6sh3w, 
789321456,瑗ъ옣?⑥냽諛? , 
83hyemin,彛덉뿰留? , 
8hwo2jyte,媛뺢컯?? , 
8mdqs,諛由ъ뼵利? , 
9199seok,諛뺣쭏由? , 
91nomatter,GoodBoss, 
95msmouce,怡쒖뿬?? , 
a-014,?뚯쑝?? , 
a8908262,荑⑥æ, 
aaa265,?щ떎, 
abm490,?꾩떆?띾?, 
about_lsj,?곕뵒, 
accentv,?고떚移댁뭅, 
aeirmeki,?먮Ⅴ硫뷀궎, 
agompapa,?꾧퀬誘몃튌鍮? , 
agvan,肄뷀??? , 
ahnji531,?덉?, 
ahrdkvkfk,?섎（?ㅻ겮, 
aiden5686,?먯씠?? , 
ailee8881,而ㅽ뵾??щ엺?? , 
aimei96,硫붿씠, 
ajiyoon,?댄뵾?ㅼ셿, 
aldms21,Awonmom, 
alkong224,?뚯쉘?? , 
alldct,苑껊궓留ㅼ뿬?? , 
alooha_11,?뚮줈?? , 
alsprla,鍮꾪?誘? , 
andoo7,Hi?좸ydney, 
androi_ssung,?됱뒌?댁븘鍮? , 
anfrlrl,蹂대━?꾨몢, 
angel_mingky,?뚯씠由? , 
anidia79,鍮꾧??듯넻, 
ankihana,?몄옄留ㅻ쭣, 
anna_050203,?덈굹, 
anndam,留덈━?? , 
ans7333333,?꾩묠?앹궗, 
aoya0329,?쇰땳?? , 
apple_8505,?곗＜, 
april25p,源媛?? , 
ar_or_alin,?뚮┛, 
aranusu,?꾨씪?꾩닔?먯?, 
arin7070,吏꾧낵?? , 
asy1347551,釉뚮━泥? , 
aurelly3280,猷⑤（?ъ옄, 
autolian,?⑤툝遺遺, 
autopeed0050,?ㅽ넗?쇰뱶, 
avecjh,NiGaZoA, 
az5773,怨좉뎄留덇뎔, 
babo890327,?ъ떊?덈뵒, 
babojuhyoun_,二쇰컻?? , 
baby0817,瑗щ쭏痢꾩툌, 
bada3347,諛붾떎, 
baechu0831,?⑤땲, 
baeyujinavi,諛곕꽕鍮? , 
bahna2,肄⑹쪖媛뺤쪖, 
baklady,遺꾪솉瑗ш퉴?? , 
bambi_0202,硫랁븯?? , 
bancoco,?ㅻ쭏?댁?, 
bandismile,吏쒕텞, 
barndining_,諛붿븻?ㅼ씠?? , 
baroseog,留덈??? , 
bb00dd,?쒖닔?쒕?, 
bbongou,戮뺢뎄, 
bdan9333,湲덉닔媛뺤궛, 
bearfamily79,怨곗씠?ㅼ펷由? , 
beluga11,踰⑤（媛, 
benjo11,?곕컮?ㅼ냼??Benjamin, 
berebere82,?섎뒛?섎뒗?뚯쪖, 
berryhill626,踰좏떚, 
berrysgood,?⑸떞踰좊━, 
bestdirect,?쒖삱?? , 
bingohwan,怨좉뎄?? , 
bizdent,鍮꾩쫰?섑듃, 
bl85219,?꾨┝而ㅽ뵾, 
blog_one,one, 
bloginhwa,?섏콈?붿슜援? , 
blue2489,濡щ＼?? , 
blue871004,?댄뵾?곗씠, 
bluebirdkids,?뚮옉?? , 
bluebuskr,釉붾（踰꾩뒪, 
bluetree01,釉붾（?꾨굹, 
bmaster4375,?몄뭅臾대땲臾대땲, 
bmk7741,遊됱썡由? , 
bob1701,轅덇씀???μ씠, 
bolikeme,?ㅼ쭠?대퀎, 
bom25bom,遊꾨튆?? , 
bomholics,?앺샇, 
bonbon_mikan,洹ㅺ났二? , 
bongs1021,遊됱뒪, 
bonotang,移좎삤怨? , 
boolio,遺덈━?? , 
bora871217,酉곗뒪? 履? , 
boru130,蹂대（鍮? , 
boseonglove,蹂댁꽦援곗껌, 
boyra12,?쒕줈?쇨린, 
bro_bick,釉뚮씪?붿퐫由ъ븘, 
bsj_etoos,?댄닾??247 ?쒕㈃?? , 
bsy615,議몃━, 
bubble_cook,??쭔?λТ猷? , 
bucheon-city,遺泥쒗빖?? , 
byby181,SUN, 
c131444,?쒖쿇瑗щ㏏?? , 
cagycagy,誘몄꽭?ㅻ툕?쇱슫, 
cancel9,由ъ튂源, 
carlcap,?ㅽ삎洹?蹂由ъ궗, 
carmateme,carmateme, 
catseyesung,?ш퓞, 
ccccccho_v,Ade, 
cch-1230,?ы빆遺?숈궛?댁빞湲? , 
cendy99,媛뺣깋?? , 
cg0621sh,ryuju, 
cgj30604,釉붾（?좏뵆, 
cha95cha,chacha, 
chahun881014,?꾪듃?ㅽ뒠?붿삤, 
changhyunoi,?덉갹, 
changwon_health,鍮낆뒪吏?李쎌썝?? , 
charla1005,?щ씪, 
charm3369,李몄댂?? , 
charming_0890,諛섏닕怨꾨?, 
chc3536,?먮떖怨듭＜?꾨튌, 
chckjy,議붿죺, 
cheongmipub,泥??異쒗뙋?? , 
cherry_202,酉곗뒪? ?щ툕?? , 
chjfish,誘몄돇???ы뻾踰뺤튃, 
chlo_oe_e,chloe, 
chogap,鍮덉씠?꾨튌, 
chslkw,?곕굹, 
chunghwan69,?몄긽?? , 
cine_play,?⑤꽕?뚮젅?? , 
ciqueen,?먯쑀?숉븯, 
citjob,??젙?? , 
cjw0035,?쒖씠?? , 
ckdehdwkdal8,酉곗뒪? 媛깃갚?? , 
ckdtjr5828,?짶RO, 
clauds,?뚰겕紐? , 
clcl9495,移섏튂而ㅽ뵆, 
clode777,?댄뙆由? , 
cmdlskaj24,釉뚮젅?댄겕?먮?, 
coco_9301,?쒖퐫由ъ퐫, 
cogram,?щ깷袁? , 
collier13,釉뚮줈而щ━, 
contac2,瑗닿컩留? , 
cooklhj,?좉씀?ш린, 
coolj21104,猷⑤（, 
coolps8,留덉꽦?? , 
cradmaser,?쒕쭏猷? , 
crom234,?쇳꽣?? , 
crystal890,遺遺?깆옣肄붿튂 媛뺤쨷?? , 
cs-busan,?댁슫?移댁뒪?섏씠?? , 
cshee32,湲덈퀎留? , 
ctcxwiszlj,?꾧??꾧?, 
cutetnwls,Sue, 
cutyjin0320,蹂꾩씠?? , 
daebakyo,愿댁쭨誘몃?, 
daesanpnc_ads,daesanpnc_ads, 
daichung,?泥?큺, 
daisy-hwang,?⑹뿬?? , 
dalkomm-i,?ъ숴?꾩씠, 
dana-design,dana benif, 
darkgoddes,?먯샊, 
dasom2351207,誘몃땲誘? , 
dbqkr79,loppo, 
dbsdk7727,?⑺떚爾? , 
dbswjd6955,?ㅻ씪, 
ddaengs9,?≪컡, 
ddaengule,?⑤엺留덈?, 
ddbba,Rim, 
dddikkko,?쒕쭅?? , 
ddiukim,源?뚯씠, 
ddochi84,MJ耳?댄겕, 
ddxqcn58,?섑듃?덉뒪?쇳뵆, 
deaseong_j,濡쒕쭔??臾댁냼?? , 
deepof,?쒕씪???ㅽ뒠?붿삤, 
desserts30,誘몃Ⅴ吏?댁씠, 
dhkdqudwls,?덇렇由щ굹, 
dhtire2027,?붾툝?먯씠移섑??댁뼱, 
diacl82,源띿웳?뚯튂, 
dicagallery,?⑥쁺誘? , 
diecruel,遊됰큺?? , 
difuperve,365蹂묒썝?쒖쓽?? , 
dighong,?뺥솉, 
djagent,?됱젙 ?먯씠?꾪듃, 
dkcaihong,李⑥씠?? , 
dkdltm016,諛곗쑀誘?aka ?ㅼ쫰硫? , 
dkduddlfurtu,?쇱뼱濡? , 
dkstpdyddlqslek,?⑺??? , 
dkwldkwl486,?좎쑀, 
dldmswls002,?묐삉由? , 
dlwlrma92,?대떎?? , 
dmschd2578,?щ젅媛먯궗, 
dmsgkrk2,紐쎈굹, 
dnfldyrtlf,MoldInspector, 
dnr5650,D HOME, 
dntlo,??떏?? , 
dnwls5102,?щ툝, 
dobotv,?꾩씠?ㅼ돋肄? , 
dod000111,議곕씪?? , 
dodoppaya,?꾨룄鍮좎빞, 
dodorii04,dodorii04, 
doingcomm,?ㅼ뒳濡쏞, 
dongi0508,源??갈, 
doohyun_system,?먰쁽李쏀샇, 
doolyette,?섎━履? , 
doros84,?먯옄, 
dox1120,?좎＜?뚰뙆, 
dptmfdl3135,鍮좎굪?쎈툝由? , 
dragon798,泥쒖옱?섍낀, 
dudtn15s,?꾧컯?쒖쓽?? , 
dufjtl1708,?뚮뵒二쇰뵒, 
dug2051,?몃Ⅴ?⑥씠, 
duswk75,?뚯슂, 
dydals111,Choi Min, 
eddo00,諛⑹떎?몃땲, 
edtcworld,?붾뱶?붾윭?뚮씪?뚯썡, 
eduline2002,嫄댁씠留? , 
eduwill_no1,?먮??? , 
eee_999,?ъ숴罹붾뵒, 
ego1982,?ㅽ궎濡쒗궎, 
ehdghkakzpt,吏?? , 
ehdus968,?됰났?쒕룄誘몄뵪, 
ehgud5533,源?꾪듃, 
ejp8702,?섎굹媛?붿??? , 
ekdzhd7777,?먰꺊, 
elezanee,由ъ퐫, 
elixir0827,?붾뱾由? , 
ememin,?섎씪, 
englishpro1,?됲봽, 
eses0812,SUN, 
esilvia,?댁떎鍮꾩븘, 
euimok,酉곗뒪? ?쒖씠, 
eun53200,?곗씠留??⑤옿, 
eun_a0101,?쇰굹, 
eunji318,?쇰씪鍮? , 
eunjin1993,?쇰컮?쇰컮由용뵩, 
eunsun0127,Sunny, 
everything91,?쒕웾?? , 
eyesens0519,DG, 
f2160226,由ъ뼹??8, 
fass777,?댁젣?꾧렇?쒕룄?뚯뒪, 
fativa557,?쇱슦由? , 
faugh08,肉뚯썒, 
fedex_kr,FedEx肄붾━?? , 
fgg5485,?됱뼵?? , 
fightclub,fightclub, 
findjeju,?쒖＜湲몄옟?? , 
fisc36,姨〓떎, 
fkalspdlxm124,?몄븷?쒖쓽?먯엯?덈떎, 
fllfll2,臾명솕梨뷀몺, 
flutist79k,?붾땲鍮꾨퉬, 
flyingchicken-kkokko,KKOKKODAK, 
flyklm,鍮꾪뻾?뚮?, 
flyneo,?먮컮猷⑤（, 
foruddlskdhk,瑗щⅤ, 
foryou9974,?덈떎?? , 
freeran71,?먭렇?섑뵿?? , 
freerancer35,?ㅻ났, 
freewill_life,?꾨━?? , 
freshianblog,?ㅻ떎?고봽, 
freshtea,?꾨쫫?쒕━, 
fromrei8,?꾨＼?덉씠, 
fullmoon1983,?섎컯?? , 
fund1009,泥대━?쒖씤, 
fusionvi2,?붿옄?명벂?? , 
g0heaven,?먯씤?? , 
g_ny,諛붾엺?대텇?? , 
gagu-4989,以묎퀬媛援?989, 
gayoung4441,媛?곸쑉, 
gene_k,?좏?, 
ggkkss0313,ggkkss0313, 
ggobseul3,梨ㅼ광?대꽕, 
ggobuk01,珥덈줉瑗щ턿, 
ggum15832,?⑤컢, 
ghyojung95,酉곗뒪??붿젙?? , 
gil3721,吏깆닔, 
gkscnrms,?띿뼵?? , 
gkswn3364,HJ, 
glitterjoara,?꾩㎟, 
glorytogod7,?좎떎?대꽕, 
gmldiaoal,?꾨같??源?깃뎄, 
gngsm11,?앸뵳?앸뵳 源?먯옣, 
gogh1226,?뺣떖遊? , 
gokrot00,?⑥??쇱?, 
goldenall,wave, 
goldpfeil,?덈툕?덈툕, 
goldstar10041,?뚮읇?⑤땲, 
goodmorning-house,援용え?앺븯?곗뒪, 
goodpowerjmh,??댁뼱?쇰땲??李곕━議? , 
gorgo77,?묒㎟, 
gqqxhzpq,留먮옉荑⑤옉, 
gracek1005,洹몃젅?댁뒪, 
grandheamur,酉곗뒪? INFO?뚮━誘? , 
gssolarpower,GSOLAR, 
gtmasta,??덈럭?? , 
gugu9416,誘몃━蹂? , 
gung_i,?뚯냼?섍턿, 
guriis,?섎쭏, 
gusal857,?ㅽ쁽?대㉧?? , 
gusdl303,?쇨낢鍮쏄퉼??? , 
gusnl7157,?⑤땲?대”, 
gustn1007,?ы넗?? , 
gyhan88,媛뺤씠, 
gyrudp,?ㅻ━吏? , 
haechiseoul,?쒖슱?? , 
haedud128,?댁옉媛, 
haejukdl,遺덈씫吏?? , 
haeundo,?섏씠而⑥뀎, 
haeyun0502,誘쇳듃, 
ham1887,臾대┝?쒗뭾, 
hangeuland,踰좎씠鍮꾧?, 
hanjewelry94,?쒖듅援? , 
hankookhear,泥?＜蹂댁껌湲고븳援?낫泥?린, 
hans2j,湲곕쫫?곸씠, 
hanul08816,?곕━, 
happylife_mi,?숉뙏?? , 
happypudding,?댄뵾?몃뵫, 
hayanwh,蹂대뱾, 
hayaon103,?곗뿕?깊삎?멸낵, 
hc959798,轅덇씀?붾찓諛, 
hdhuy183,?밴렇由ъ븘, 
heeyah2,?묒?蹂꾨쭏?, 
heimish94,踰좊퉬?? , 
hellomini486,?щ줈?곕??? , 
helphelpsos,?대떞李? , 
henamommy,?뚯씠?? , 
herajsh,?⑤땲, 
heyhug,鍮꾩빱諛띿젣?? , 
hgbtt,由щ?濡쒖씠, 
hhun777,蹂듭닔?⑤냽?섏궛, 
hikgayon,戮, 
hj2307,?먮줈?щ쾭, 
hjbs0325,遺?먯씠? 硫? , 
hnmh2332,珥덈줉諛붾떎 理쒖뼇?? , 
hohomom0802,吏誘? , 
homashim,遺덉떖, 
hong_blossom,遊꾩?, 
hoon1033,?섑쁺?꾨튌, 
hosun_hwang,emily, 
hot0man,??吏? , 
hoteltrend,?명뀛?ㅻ젅?ㅽ넗?? , 
house7655,HANA, 
howardlee78,?몃몮?? , 
howmany70,?섏슦留ㅻ땲, 
hp0210,怨듭＜?섏븘鍮? , 
humetrobusan,遺?곌탳?듦났?? , 
hwa202,媛?쒖옣誘? , 
hwangyul9178,袁몃눦, 
hy0533,?쒕걣?? , 
hyehwa_alice,?쒗솕?숈뿕由? , 
hyjueng,轅덉쓽?덉툩, 
hyleeyan,?붿븞?? , 
hypoid613,?щ룞?? , 
hyunsu10255,?꾩뒋, 
hyy2831,?좎??? , 
ialeeiyr,?먯씠, 
iapplev,?곸?, 
iberit,洹몃━?쇱뒪, 
icoopkorea,icoopkorea, 
iic100,遺由щ?由? , 
ilovezzangv2,?됱슫, 
imbc21c,利먭굔留덉븫, 
impok1004,二쇰뒗?щ옉, 
in1055,?쇰쭅, 
inbodyplan,?대じ?좎뎽?댄겕, 
ishine75,苑껋옍, 
j486love,?띾쭏, 
j890402,吏깆꽭, 
jackie30,?앺궎30, 
jaedolls,吏깅삓?꾨튌, 
jaejung0299,紐⑤옒, 
jaemin787,諛뺣??? , 
jahxtettt5,?댁냼??蹂묒썝, 
janenstory,怨좉퀬?쒖씤, 
jangsoras2j,轅袁몃━, 
jarok7,?④굅??遺곴레怨? , 
jbgokr,?꾨턿???щ컻寃? , 
jbh8839,jbh, 
jea6632,oh my house, 
jejupay,?쒖＜?섏씠, 
jejurangjhrang,?곕쟻?됱떆, 
jejusilencer,?쒖＜?섍렇?? , 
jelly014,?ㅻ━? 肄⑹씠, 
jensksj,?꾪봽濡쒕젥, 
jhgajok,?꾩쓽?섎（Hicoco, 
jhkbbb9,?ш린, 
jhwggo1031,?κ씀, 
jhyinvestor,?뺤떎?? , 
jiansarang,?щ떖?섏슦?? , 
jicul2003,?숆렇由? , 
jijiyoyo,遺吏?고븳踰좎㎟?? , 
jimini0_0,GruMum, 
jin3641,?좉뎄, 
jinhee9238,?듭떊?꾨Ц媛?대?寃? , 
jinidag,?꾨┫, 
jinjioni,吏꾩??ㅻ땲, 
jinmylove,?먯씠誘몃꽕, 
jj_hh88,而닿낵而대㏏, 
jjang29na,移대낫???먮룞李④??? , 
jjangting,?섏슦?섑븰 HowMath, 
jjjadeland,?쒖씠?? , 
jjjina92,苑껋??? , 
jjjji018,jjjji018, 
jjkbw1234,?먯굪濡깆뒪??? , 
jjung5542,jjam, 
jjuu81,?≪븘留??댁뒪, 
jjy92377,姨≪?姨≪?, 
jklins,?곌?諛? , 
jky7536,?몄긽?댁빞湲? , 
joseola,JoJo, 
josmin777,?ы뻾?利먭굅?? , 
juhanarim,?덉걶?? , 
juhye__,以? , 
jujgkaj,二쇳??? , 
julieta0604,?꾩씠? ?④퍡, 
jumi11010,異섏빱, 
jungjinkim97,KS?쒖슱?좎뵪泥? , 
junmo1016,沅뚯?紐??먰빐?ъ젙?? , 
junsnet,?껊뒗?⑥옄, 
jwlove0501,?좉뭣???대깽??以? , 
jy841018,戮뺢뎄留덈늻?? , 
kain1028,酉곕툝?? , 
kaki8215,?곷걚, 
kaljkdht,?곗꽦?곗쭊?꾨쭏, 
kalma0204,?몄쿇苑껊컮吏, 
kamdark,源쒓뎔, 
kamji486,湲곕Ⅴ硫? , 
kanggadin11,?쒖엫?? , 
kangwingka,媛뺤쐷移? , 
kch2427,?쒖＜移쒓뎄, 
kcherry99,?곹겮泥대━, 
kde0815n,Victor, 
kdg0607,移댁씠?ъ뒪, 
kdskds4329,吏?? , 
kdy8804,?붿??? , 
kebi7151,?좎깶?몃━??? , 
kecoprumy,?쒓뎅?섍꼍怨듬떒, 
kejysy12,?⑥큹濡ы엳, 
kellynbob,?뺤쭅醫낇빀?ㅻ퉬, 
kelmo,?쇰━, 
keon2488,?꾨줈?ы뻾?? , 
kha910,??섏㎟, 
khl940707,由? , 
kim130802,移댄깉, 
kimcapy,?덉븻?? , 
kimjin4753,?꾧섕?, 
kimjumal,源二쇰쭚, 
kimmiso3337,誘쇱븘留? , 
kimmso1,?곗㎟留섑궡?? , 
kimyeji901030,紐⑤끂?쇱씠?? , 
king700203,?대뜒怨듭옄, 
kingmoney,Upstyle, 
kingsuda,洹?쇱닔?? , 
kiti4175,?명샇, 
kji206,珥덈”?? , 
kjjy1018,?낆빱踰? , 
kjy911203,?좊땲?좊땲, 
kkh098098c,踰뺣룎?? , 
kkh098098i,?좏뵆?명뀒由ъ뼱2, 
kkh5740,洹쇱㎟, 
kkiibbb,?ㅻ큺?? , 
klatklat,sosotmi, 
klauzewits,412?? , 
kmj104__,吏?덈뒗蹂? , 
knockya,留쏆갼?? , 
kobyungja,?쒖＜??怨좏??? , 
kong_92,Yegeurin, 
kong_s_mong_s,遺몃떳鍮꾨땲, 
ksjksj83,怨좊땲?덈땲留? , 
kskokkos,Tol, 
ksooyeul,?쒖?, 
ktears99,?꾨씪?좎궪珥? , 
kwonaya506,?몃쫫留섏뒪?좊━, 
kwonsista,?몃땲遊됱옄? ?숈깮姨≪씠, 
kyena200,?좏듃, 
kys2206,?섎닎?섏떆?? , 
kzmiddle,KZ middle, 
ladycalla,DearMine, 
ladymusiq,二쇳궡, 
lafleur7,?ㅼ뒪, 
lalavla_official,?꾨씪釉붾씪, 
leeeuncom,?쇱떇?? , 
leejpretty,?몃옉肄붾겮由? , 
leesoohyun87,?댁쭛?? , 
leewoojea12345,?숇뱶???? , 
lej1004kjs,鍮꾨땲梨꾨쭏誘? , 
lemon3761,諛띾쭔?? , 
lhill1,濡쒕쭩?ㅻ갑, 
lhj8327,?꾨몢?쇳쁽?? , 
lhjing7,?꾨뵺Story, 
likez2,?ㅻ뒛??AGAIN, 
lisso1234,由우㎟, 
lkjin0911,?꾨━, 
lojehegi,濡쒖젣?덉?, 
longblack,?ㅻ뱶?뚰꽣, 
love20021102,?щ옉?닿??섎?, 
lovelovenat,?섏뙟, 
loveme90000,怨⑤뱶?ㅽ뫜, 
loveshine707,荑〓뵲?? , 
lovetogapyjs,蹂꾧났?? , 
lovezun91,以以, 
lovingssu,留ㅻ젰?덈뒗 ?? , 
lqkqhal,踰좊젅踰좊젅, 
luvine1004,?щ퉬?ㅽ뀗?? , 
lzzagul3,?섎컢, 
m_nk2,酉곗뒪? 肄⑹븻?? , 
maemilee,?대ℓ誘? , 
makafood,留덉뭅濡? , 
mal3500,?섎줈, 
mansa098098c,?쒖슱蹂?몄궗 ?댄샎 ?곸냽, 
mardukas,鍮꾨??댁빞, 
mary11000,留쏅룞?щ땲, 
masterkey854,RUBY PLASTIC SURGERY, 
mastertv,mastertv, 
mate0217zx,?롢뀕, 
maui2008,?뚮젅?몃컮?먮씪, 
maum0577,?곗?, 
mc2yo,?쒖뭅?? , 
medi-um,硫붾뵒?媛뺣궓?붿뼇蹂묒썝, 
meeyou,諛⑹퐬 ?곗넄, 
mega5002,留μ뒪蹂댁씠, 
mel_holic,硫쒗?由? , 
melburne,耳鍮? , 
memy80,袁몃깷, 
merryseaa,轅덈엫?? , 
meteorslove,源쒖컢?대툕, 
mhsi0501,議곗븘?섎뒳, 
midbro,誘몃뱶釉뚮줈肄뷀띁?덉씠?? , 
mijinkim80,MJ?섑썑?ㅻ떏?덉떆?? , 
mijung3858,?쇱튂, 
mina860527,硫붾?苑껊?遺, 
mina_happy,?먭렐?먭렐?뱀??? , 
minahan,?숈꽌 ?쒕??? , 
minambada,酉곗뒪? 誘몃궓諛? , 
mindlle86,?덉?NeedU, 
minhae9191,誘몃꽕荑? , 
mini10813,源留뚯썝, 
minimam0926,誘몃땲?숈?, 
minjae0413,誘쇱옱留? , 
minnie926,理щ땲?? , 
minumworld,誘쇰툝濡? , 
mjda20,?먮굹, 
mjmwmom,誘쇱??곕쭣2015, 
mjpiglet,誘쇳똿?? , 
mju322,苑??쒖넚?? , 
mktgguy,?댁빞湲곌씔, 
mmnnghyy6,?댁냼?? , 
moimoi1357,紐⑥씠紐⑥씠, 
moka-pink,紐⑥뭅?묓겕, 
mol_boa,轅怨좉뎄留? , 
molynmom,珥덉씠由? , 
mongsure,紐쎌뒋?? , 
monomono01,?좎쳭?쒕뱶, 
moo4114,?ш꼍, 
moon4096,?뚯젙, 
moonga0223,萸됯?, 
moown,?대쭏猷⑥슦?? , 
mpgongin,?덉씠?? , 
mphc01,?쒕굹, 
mphong9,?랁똿?닿컙?? , 
msjh1012,?ㅽ엳瑜? , 
mumukim7788,留덈??꾨씪, 
music5995,吏?덉쭊?? , 
mvsj23fsj3,?섎（, 
mydoll456,?먮뜑?곕㉫, 
myeongsuk9120,??, 
myir0nlung,嫄닿컯?뺥썑 由щ퉬?? , 
mykitten_pu,諛섎뒓, 
naljava69,荑듬뵒?? , 
nam04030,?뺤븻?? , 
namesora,由ъ븞, 
namkisuk0396,留ㅻ젰?⑤깷, 
nampofree2,?꾨━留덉폆, 
nanaka81,?ㅼ씤 遺꾩뼇 而⑥꽕?? , 
nanogard,?섎끂媛?? , 
nanunyou,?μ옄, 
narae2010,?쒖꽌?먮ℓ, 
nasa8383,?꾩뭅?쒖븘而ㅽ뵆, 
navy429,?ъ뭅議?010 5599 1621, 
naya399,移쇰씪, 
nekkokaburi,?덊떞, 
nell0730,?좎??? , 
nemohj,源≪큹, 
net_suji,?닿린?곸씤 S, 
neulbang,?섎뒛?? , 
neweunha,?섎젅??諛뺤??? , 
newosilent,移쇨뎔, 
ngh2369,?④턿???됱젙?? , 
nias0823,?쇱튂?? , 
nibr_bio,援?┰?앸Ъ?먯썝愿, 
nicedrummer,?μ긽留?紐쎄??? , 
niky8888,?덊궎?붾뱶, 
njjma1112,珥덉퐫?≪씠, 
nnjgfttt5,?곗뿕?깊삎?멸낵, 
nong-up,?붾냽遺, 
noola0728,nn彛늧n, 
nopqda,?섎퉿, 
nowwegom,硫띾찉, 
ntscafe,?꾨━?곕━, 
nurikim92,?꾨━, 
ny1128ny,洹몃젅?댄궡, 
ny486444,?섎컻?? , 
nydelphie,?쒖씠誘? , 
o_o0s0,?덀뀉?? , 
oboom7,?ㅻ텗?鍮? , 
ocean7107,?덉숴?? , 
ohjiae8255,怨듭씤以묎컻??李뚯빞, 
oilsol,轅踰? , 
olivepage,?ы럹, 
oliverbh,Oliverbh, 
onsili,?뺣궘?? , 
ooc1001,??덉뼹, 
ooh_87,?섏닔苑? , 
opurple486,?뺥띁?? , 
orange7347,吏吏吏?? , 
orc44,?댁냼??蹂묒썝, 
ovation98,Taylor, 
p_shee22,萸됲겕由? , 
paoncmz,?몃Ⅴ誘? , 
paple21,?곸떎?댁쭛??由щ굹, 
park-yeji,諛뺤삁吏, 
pasof,諭껋궡怨듭＜, 
paulnam1,?⑤컯?? , 
pcn1970,?뚯＜媛臾? , 
perfume324,?댁??? , 
perpu02,怨곕슌?? , 
phantom4477,NAM ting, 
phjsunflower,苑껋쭛?꾧??? , 
phyco2,?됱븞媛덈젟, 
piglet1044,?쇱씠, 
pilyo93,?댁젙?? , 
pin0142,??붿옄?? , 
pindoong1,?щ뵒, 
ping911,諛깆뼇, 
pingle_0215,?묎?, 
pinklove7812,誘몄벐?? , 
pinkmay12,?⑦샇諛? , 
pisak001,?듭벐, 
pjj2023,履쇰옲?몃땲, 
plumshine,?щ툕?명궎, 
pocoholl,?ъ퐳, 
polkadot127,?〓븸由щ큺, 
pooh0512,?⑥슦, 
pooh2937,?щ떖, 
poomi02,?몃?而ㅽ뵆, 
poonsu0804,?뚯쟾?쒖떖?좊똻, 
ppagase,?쒕궘留? , 
ppwwman,紐⑤━???쇱긽, 
prios79,?꾨━?ㅼ뒪, 
prunbook,?몃Ⅸ?κ린, 
purity_k,?멸린留쏄렇由고떚, 
qkrch458,?덈が肄? , 
qkrgkdms1993,?섏??뺤썝, 
qkrgmldms14,源誘쇱옱 ?몃갚, 
qkrwn0212,?ы뻾?앹쪖, 
qnxodid112,?щ??꾨?吏, 
qw3859,?섎┛, 
rahyun88,肉뚮뵫, 
rainbow-rentcar,?쒖＜?뚮굹?? , 
ralph07,?ъ떖?? , 
rami_log12,?쇰?, 
rani-yu,?쇰땲?쇰땲, 
ranyzz,誘몃떒, 
raonhappiness,?꾨씪??RAONHAPPINES, 
rawith0411,?쇱컡, 
reasoni1215,N U Y A ???? , 
redlily76,?쇱뿉?ㅽ?, 
reginayun,?덉??? , 
rejio,?꾩씠鍮숇튃, 
remix2729,?ㅼ씤?? , 
resource2,oi?촲i, 
rfnjsemrla,ESS?ㅼ튂1?꾪븳?쒖뿰, 
rincyan,由곗Ł, 
rivertour,諛랁겕, 
rjsak90,?꾩옄?꾩옄, 
rlaalsckd11,?ㅻ━沅곷뵒, 
rladhsma,?몄쐢蹂? , 
rladuddn0624,媛뺣궓沅뚯궛遺?멸낵, 
rlagmltnr,?μ씠??遺?숈궛, 
rlagudrbs115,吏곸쭊?? , 
rlfem1wls,YS?먮쭅?곗튂, 
rolo_ggo,轅?? , 
ronw1m14ss,365?쒖쓽?먮퀝?? , 
rorongsy,rorong, 
roynmin,轅덇씀?붾줈?? , 
rrnfrrnfl,?덉븘, 
rsdhs,裕ㅼ궗?? , 
rudwkek4886,?꾨떎?꾨떎, 
rytutytt7,二쇱씤怨? , 
ryung0212,eun鍮꾨졊, 
s9673_k,?諛?쒓섕瑗щ쭏, 
saanmo,?곗뿕?깊삎?멸낵, 
saccharin_,?ъ뭅由? , 
saebomz,遊꾨큵, 
saengkica,嫄닿컯吏?댁씠, 
saladin324,Travel?由? , 
samebetter,Same Better, 
sand0114,?뚭섕諛? , 
satto82,諛깃퀬誘몄쑝?? , 
sawtiger,?쒗??닿굅, 
sayjune2005,?몄씠以, 
scpark1214,?곌퐙, 
sea221155,?좊땲?뚮땲留쁵, 
seabc1965,?몃뭇, 
seagreen0314,源?띿씠, 
sekusha,?⑥쑀, 
selyhr,?덈룄?ㅻ뱶, 
sencem772,鍮뚮씪?뚮윭?? , 
seoul_den,援ъ궛???쒖슱?댁튂怨? , 
sep681213,sep681213, 
serakyy,?ㅼ뒪??곗씠吏, 
shariran,誘몄뭅, 
shbae3521,?섏씠吏, 
shieldup86,shieldup86, 
shop2930,Ruv D Sharp, 
shpcwm,?섏떆, 
shyivy7,?? , 
sidesnack,?대났?? , 
siherdet,?⑤━?? , 
silver5807,?鍮쏄퐙, 
sin_trust,?쇱엫, 
sinachoco,?쒕굹, 
sirenj2813,?몄씠?? , 
sjy12222,遺덉튇?덊븳吏?곸뵪, 
sk31505,?꾧린?먭린, 
skagud7325,蹂대━?? , 
skawjddl23,留덊궎吏? , 
sko100400,臾대뒳留???봽濡? , 
sksgl1,sksgl1, 
skskas182,?ъ뒪?곕꽕?? , 
skyssammom,?ㅼ뭅?댁뙟留? , 
skywingbuzz,Jsunny, 
smgirl25,?ъ슦, 
smileho05,?섏?誘몄냼?좎젙, 
smilingso,?뚮굹, 
smy2166,?ъ옱留??〓??? , 
sniper98,留쏆냼?댁㎟, 
snoopyp20,?쒕룄留? , 
sodasuchoco,?뚮떎留쏆ぜ瑗? , 
soj24,諛뺤갯?, 
sol_2love,?됰났???吏꾩뵪, 
sonho0511,?섏??꾨튌, 
sooy311,?밴렐留? , 
sowon_1002,?꾨찓由ъ뭅?? , 
specialhyun,?뺤쑀遺, 
spwife2013,CELINA, 
sr3d,?꾩뭅?붿븘, 
ssadea2,YM entertainment, 
sseop55,??굹?? , 
sshywt,遺?곌컯?꾩?遺꾩뼇, 
ssong_mom,?덈??? , 
ssovely8,?? , 
ssqq1007,?곸퐫釉붾━, 
ssroming,O2SAE, 
ssuuk_life,?ㅼ슧?ㅼ슧, 
stately_83,罹붾뱾?? , 
stomato2202,?붿옣?꾨뼞移섍퀬, 
sts9696,二쇰룄誘? , 
subin0504,?ㅼ쐞?ㅼ깉?? , 
suheeryu,?ㅻ룞?? , 
sujung3137,??큵吏?섏뮯, 
suk4408,援????? , 
sun591004,蹂??좎깮, 
sun751213,諛붾Ⅸ?앺솢, 
sunflower371,?섎뒗?? , 
sung54k,遺?먭퉼?곌린, 
sunnycat_meow,?꾨뀥, 
sunnymoms,?좊씪由щ쭏留? , 
superstar0608,?κ린?뚰듃移?移대쿋?? , 
suzie38317,?섏??꾩쭚, 
sweetdf36,?ㅼ쐵?щ━, 
sweety0533,?뺤옄??鍮꾨쾭?? , 
swhan0225,??섏닔, 
sy900523,?ㅻ컲吏? , 
syhong0084,瑗щ㏏?대늻?? , 
syisol_603,?쒖옄?뚮뀈, 
symin67,耳耳耳, 
syp303,怨듬??섎뒗?щ엺, 
syshnj,LordSYS, 
taehomon,瑗쇳깭, 
taehun0930,由곌퀬, 
taeil0658,?좎슦留섎찘?? , 
taekwon4820,諛깅졊?꾪빐蹂? , 
taeyong1104,taeyong1104, 
talk442,鍮꾪궎, 
tan131,釉붾옓?щ툝由? , 
tao_xoxo,源癒뱀㎟, 
taronienjo,由щ튃?ㅽ넠, 
tazan00009,?붿꽭?? , 
tbank,?ъ뿉?댁뒪, 
tcacyc,?쇱긽?덉텧, 
tears1124,??덉뼹怨??쒖씠誘? , 
teemoticon,?곗씠紐? , 
tgolfnet,?댁궗?댁슂, 
thanks-22,?숈옄源? , 
thdud4680,酉곗뒪? ?섎┛, 
the-plan,源?덉씠, 
the_capitalist,轅덇씀???먮낯媛, 
thegarage,?ㅽ넗紐⑤퉴 寃뚮윭吏, 
thisismyproof,Proof, 
thwjdchl90,CHO, 
tjdbs0323,酉곗뒪? ?묐쭏?, 
tjstlsghk,?쒕땲?ㅻ땲, 
tlfgod2,湲몄뙟, 
tls0819,由щ럭?섎뒗?ъ옄, 
tlsdkgus0110,?좊읇, 
tlsrbek110,?ㅼ씠, 
tlstns4089,?섎굹?ㅽ넗由? , 
tnr2486,?ㅺ린, 
tokyoiyagi,?異붿냽泥쒕뫁, 
tonyforlife,酉곗뒪? 由ъ?, 
torowe,酉곗뒪? 源뚰깉濡쒖슫濡? , 
toto2411,?꾩“?? , 
tpwjd7230,?μ븘?ㅻ윭, 
tpy070810,蹂듭썝?섎씪, 
tqtp7777,?肄? , 
transartists,?뺤쓽?? , 
travelhyuk,?꾩뵪, 
treeberrymaker,?섎Т?묐쿋由щ옉, 
trueloveu,?곗븘?? , 
tt68252,?덊엺???섎（, 
tvmovingkorea,嫄곗떎?명뀒由ъ뼱, 
twinklelee_,洹?붾??덈そ, 
twinvely,?몄쐢釉붾━, 
ui17xapocj,?몄븘, 
ukb0914,吏諛? , 
ultrabat,?ㅼ뭅?? , 
umma_89,?앹댂?? , 
una216,?좊굹, 
uni7741,?붿펷, 
unionhospital,?좎쿇?고빀蹂묒썝, 
usgreen99,?먮┃?? , 
valueyey,?κ린, 
verychu7,踰좊━痢? , 
vision2sl,吏깅퉬, 
vkeo3136,?꾩?, 
vmheeya14,Jbonito, 
voued,?곗냼?щ옉, 
vywoghd12,?쇱긽?? , 
vzvbsek4rc5nt,?몃옲?? , 
waj129,由ъ뼹議곗씠, 
wana88,怨좎슫?쇨뎬移섍낵, 
warm_today,?붿뿏?? , 
water_minggg,援ъ떗?? , 
wbd05,?앹뾾??吏덉＜, 
wbobyqvsl,履쇱퐫, 
we_bfs,怨쏀빂?? , 
weekparis,weekparis, 
wewearwhat,?ν뿀洹? , 
what0117,?뺥썕, 
whddn2051,?됰났?? , 
whdrnr95,?띻컝?쇰У?? , 
white0171,?섎（, 
whitepolarbear,?섏?遺곴레怨? , 
whitmax123,1stjeong, 
whruddlf75,?쇰끂由? , 
windchoco,?댄삁??? , 
with3649,戮?ㅻ?, 
withjoy79,?μ씠, 
withsky51,?꾨뱶?대떇, 
wj_2169,?⑤━?ㅻ쭣, 
wjddbswkak,?ㅻ퉬?꼣, 
wjsqjatn12,寃ъ슦, 
wjstjftkscjs,怨듦컧 ?먮??? , 
wjstk6966,苑껊낫???щ쭩?묎?, 
wjsurdpqhk,?앸툝由? , 
wkdgytjs98,怨듬툝由? , 
wkdgywn36,紐④??? , 
wkfskscjsu,履쇰툝由? , 
wkwmd81,怨좉퀬?? , 
wlsdntjd123,?④굅??臾댁?, 
wlsgmldml,留뚮낫, 
wlstngl,?덈＼?? , 
wnhjeju,?쒖＜?멸퀎?먯뿰?좎궛?쇳꽣, 
wodyd0205,洹몃쭅?? , 
wofjf483,?댁냼?좊퀝?? , 
womenwpaint,猿뚯뵻?붿뼵?? , 
wona0317,?뚮굹紐? , 
woojung357,?먯뙟, 
wpwp8970,議붿죺, 
wxejtjl685,留덈（?섑?, 
xenin234,?쒕━, 
xiangshu0303,?좊땲?섎뜲?쇰━, 
xjzlrkwhgdk,?щ옉?댁슂, 
xormxo55,援щ땲洹몃땲, 
xwpmnubzsdkuc,?ы뻾??醫뗫떎, 
y1592,Hans, 
yab3693,?곗벐, 
yanggutour,?묎뎄臾명솕愿愿? , 
yayaya2015,?붾젅?? , 
ych9749,梨꾪쁽, 
ydl1,?깅뵲援щ━, 
yee1036,?μ뜾紐⑥튇, 
yeongju_city,?곸＜, 
yeoniess,?⑤━?? , 
yevley03,?곕━, 
yeylove932,Hailey, 
yh960916,??뵒, 
yhchang1308,??쭔?곌컼, 
yj2272956,瑗щ㏏留? , 
yjsystem2017,?댁젙?쒖뒪?? , 
yjtoto79,源쒖옣?μ씠, 
ykk0803,苑껊늿?? , 
ym1975,?먯옄留ㅻ쭣, 
ymega,?뺤같??? , 
ymodee,?ㅻえ?? , 
yona_73,?붾굹, 
yoni_mode,?ъ슂?? , 
yonsei_life,?곗꽭?곗쑀?쇱씠?꾩뿰援ъ냼, 
yoohye83,?댄삁?몃땲, 
yoon_jing,?ㅼ??? , 
yoon_shye,?깃쾶, 
yoons008,OK?レ뼱留? , 
you7496,?좎춴, 
youmen2as,伊ъ?, 
young201507,移쒗솚寃쎌껌???곹넗?? , 
ysepjh,?щ툝由ъ쫰, 
yso71515,遺?숈궛?뺣낫怨듭쑀, 
yulee6640,源먯쭠, 
yulyul1230,寃뚯쑝瑜몄쑉?? , 
yun332500,轅덇씀??踰좉퀬?덉븘, 
yunmisense,?곕?, 
yuri831211,源뚯튂留? , 
yuyu4434,?쒖＜?꾩큿?? , 
yuyunbb,?앷컖?濡??앺?, 
zayuboy,BLOG, 
zbiflower,苑껊쑑?? , 
zhao0201,?꾩씪由? , 
zhffpt26753,?곗뿕 ?깊삎?멸낵, 
zigoyofifa,?좊?媛, 
zjffja1539,healing tour, 
znrznr409,?댄샎媛?ъ쟾?대??몄궗, 
zoselr1,?ㅼ씠?꾨が??吏?앹궗?? , 
zxz1522,zxz1522, 
zziwong,010 2802 3993 ?꾪봽濡? , 
