user_id,user_nick,newest_post_num,oldest_post_num,collecting_date
00withbooks,Withbooks,8,1, 
0572,��롫갑�뙟���,1664,1, 
100hand,踰좉컻嫄곗��,1386,1, 
100mountain,�꽑�뿰(�뻹渶�),685,1, 
1833-9647,�븳�옣�썝,1,1, 
1sung,�씪�꽦,256,1, 
2537sean,�깮媛곷룄�몣,300,1, 
2ndlife-enjoy,�씤�깮2留됱�� EnJoY,543,1, 
4ppl4world,�슂�뻾�븙�뼱,188,1, 
4society,Helen K.,31,1, 
5071,����쁽�옄:),102,1, 
7777777cute,臾쇰젅諛⑹븘�넗�겮,309,1, 
88kid,竊괡ID竊�,64,1, 
accountingno1,�쓣吏�濡� 吏곸옣�씤,143,1, 
adore13,adore13,567,1, 
aimhigh,�굹�씠�뒪,8127,1, 
ainiesta8,�떎�뒪�떎�뒪,2332,1, 
akdclrpdla15,留앹튂寃뚯엫/諛⑺깂寃뚯엫,16,1, 
akdclrpdla16,留앹튂寃뚯엫/諛⑺깂寃뚯엫,15,1, 
all-that-review,理쒓퀬�뵪,710,1, 
allyson,�븿由촕on,404,1, 
alongslowstory,�옄�쑀濡�怨� �뻾蹂듯븯寃�,569,1, 
angstarz,South star,625,1, 
apiece-korea,Aaron martion lucas,140,1, 
appsnuri,storya,475,1, 
arch-depot,嫄댁텞李쎄퀬,177,1, 
arisurang,arisurang,526,1, 
artboy019,移대씪硫쒕븙肄�,517,1, 
articlever,轅띻툑�씠,3228,1, 
artiumpage,荑좎퓼�뒳由�,1777,1, 
automobility,紐⑤퉴由ы떚竊�,1611,1, 
b920685,�꽭醫낆떆遺��룞�궛�씠�빞湲�,175,1, 
bae-simulator, �븿�빐遊�,46,1, 
bakong,�뼱�뼡�삤�썑,490,1, 
balgil,@�궛�뱾諛붾엺,1240,1, 
baristastory,紐쎌컮,207,1, 
bbibbi2,�옟�떇�꽦�굪�굪,669,1, 
be-story,�븨�겕�븘紐щ뱶,619,1, 
bearinthespring,�삩泥쒖냽怨곕룎�씠,27,1, 
beautyland,酉고떚�옖�뱶,21,1, 
behindblog,鍮꾪븯�씤�뱶 釉붾줈嫄�,23,1, 
bestlabor,�뿉�씠移섏븣硫붾땲�졇,194,1, 
bestselect,鍮듭빞~�쁿,495,1, 
better-than-ever-english,BetterThanEver.Engish,94,1, 
binni,鍮꾨굹�븘,156,1, 
binubaguni,鍮꾨늻諛붽뎄�땲,1049,1, 
blackli,�쓳愿�,903,1, 
blime,ilime,427,1, 
blue2310,�뱶�옄�씠�꼫源�援�,4421,1, 
blueflower-insky,�뙆����늿苑�,840,1, 
bluesword,sword,1443,1, 
bongja-workroom,�쑀苡뚰븳 遊됱옄�뵪,94,1, 
bonlivre,遊됰━釉뚮Ⅴ,1657,1, 
book-cafe-laboratory,�슦�긽誘�,4,1, 
bookreview45,移대꽕湲곕뜲�씪,27,1, 
bottegayun,* 異섑샇�쓽 �뿬�뻾�씪湲�*,517,1, 
boxgame,boxgame,2524,1, 
breakaleg76,�궗�슦�뵒,158,1, 
brunchblog,day'z,56,1, 
bryan8,�닾�옄瑜쇱쥕�븘�븯�뒗吏�援щ퀎�뿬�뻾�옄,19,1, 
btouch,�궡濡쒕씪�븯�떎,494,1, 
buma,踰붿븘�씤�뇙,142,1, 
byuriplus,erica:),673,1, 
c-130,�닔�넚湲�,210,1, 
c920685,�떎�솕�냼�땲,688,1, 
captainzone,�븳援�����옣,623,1, 
carbonated-water-8,二쇱뿰怨듬���깮,45,1, 
carcarostory,援녹꽭�씪�궓媛�,13,1, 
cardinal-duc,�븘�엳留덉븘�뒪,1731,1, 
cellove,�뫑;����읇諛붾퉬,20,1, 
cenchul,�꽱痢꾨━,319,1, 
chakeun,�쐞湲곗＜遺�,998,1, 
chamstory,李멸탳�쑁,3557,1, 
chang9-tec,Chang9,71,1, 
chanu-ya,李⑤늻YA!,215,1, 
charm011,吏꾩씠�뙆�뜑,471,1, 
chct365,�꽍�솚�씠,10,1, 
chech-inform,�룄����릺�뒗�젙蹂댁꽭�긽,292,1, 
chlghdcjf,hongran,54,1, 
chordq0539,CHORDQ,277,1, 
ckkimkk,�떥�굹�씠^^,1968,1, 
cmang9,�븳踰덉궗�뒗�씤�깮.,236,1, 
coach-j,肄붿튂J,481,1, 
cobody,鍮꾨컻�뵒�뙆�겕 �뒪�궎媛뺤뒿 �븸�뒪�궎 �씠�봽濡�,43,1, 
codechasseur,肄붾뱶�궗�깷袁�,17,1, 
comterman,而댄꽣留�,2183,1, 
crownie,CROWNIE,64,1, 
cuty7bear,�삤鍮꾨늻鍮�,225,1, 
daily-currentaffairs,Yong0131,290,1, 
daily4me,�뙆�옉 2020,138,1, 
damhae-su,damhae,100,1, 
dasibogy,Mega-boxoffice,11,1, 
ddfood,源�罹먯뀛,73,1, 
ddoddok,arisurang,775,1, 
ddonghand-goldhand,�삦�냼�땲,12,1, 
ddongri,寃⑥슱蹂대━,390,1, 
deathornot,lovefund�씠�꽦�닔,2985,1, 
deborah,Deborah,2472,1, 
designkit,�뵒�옄�씤�궎�듃,18,1, 
devilsoul,�뜲鍮뚯냼�슱,6057,1, 
devuna,媛쒕컻�옄 �뒠�굹,11,1, 
dhpassion,梨붾튆,252,1, 
diarystory,吏�湲덉씠 醫뗫떎 諛깆꽕遺�,870,1, 
diy10004,�떎�씠泥쒖궗,1018,1, 
dkqenfwkqk,�삤�뒛�쓽�씠�뒋,1097,1, 
dkstjdgus1198,源뚭퉴癒몃━ 異뺢뎄�깮媛�,88,1, 
dldduxhrl,�엵�뿬�넗湲�,413,1, 
dnagooner,DNA援щ꼫,20,1, 
dod09,濡쒕쭩�븣,55,1, 
dodofam,�룄�룄�뙣諛�由�,12,1, 
dogameroom,TV Do,140,1, 
dogbird-foot,而댄뙆�씪�씠 �븞 �뤌�슂.,50,1, 
doldoles,�룎�룎e,732,1, 
doolytubbies,�몮由ы넗鍮�,1047,1, 
dowg,hobbyi,23,1, 
dprnrn234,鍮꾩쫰�뤌,1126,1, 
dragonphoto,�뱶�옒怨ㅽ룷�넗,1646,1, 
dramastory2,�옄�씠誘�,6329,1, 
drugstory,�삁鍮꾩빟�궗,40,1, 
duemingisone,���諛띿씠,134,1, 
duga,�몢媛�,2971,1, 
dyourself,�뵒�봽_,703,1, 
e-less-o,ele_sso,9,1, 
eastsky3483,�븙誘몃궓,178,1, 
edushare,�썑�떚,153,1, 
ehddktv,�뵾怨좉뎄留�,677,1, 
eloy,�뿕濡쒖씠ELOY,6,1, 
elrelojsintiempo,he_hesse,247,1, 
emoticonews,�씠紐⑦떚肄섎돱�뒪,579,1, 
eneun,�뿉�뒗,21,1, 
englishforall,�썝 �뵒,40,1, 
enjoyholic,!!!!!!,5114,1, 
enomoosiki,�뻾蹂듭궗�깷�씠,856,1, 
essen2,Essen.,2142,1, 
estelar,�깮湲�e,101,1, 
estherstory,�뿉�뒪�뜽 �솯,773,1, 
eunjieunkyung,�꼫�젢�뜒,384,1, 
everyone-story,�븘!醫뗭���깮媛�,6,1, 
everyshare,everyshare,20,1, 
exidsupportjp,THE T,28,1, 
exlikeus,exlikeus,778,1, 
fantasticpotato,�솚�긽媛먯옄,92,1, 
fashionofworld,�뙣�븣�궓,28,1, 
fashiontip,�뿉�뒪�걯���瑜�,4218,1, 
fast-lane,遺��쓽 異붿썡李⑥꽑,44,1, 
fcmath,�닔�븰�쓽湲�,130,1, 
festalk,�빞遺�由�,2749,1, 
florescence614,諛깅━�굹,13,1, 
footballissue-itsu,�뙆����늿苑�,8,1, 
forbes,Forbes,519,1, 
fragrantica,�봽�씪洹몃���떚移�,17,1, 
free-lifer,�엳�빞�엳�슂,72,1, 
free2world,源�誘쇱떇pd,2327,1, 
freeenglishschool,源뚮쭔肄⑹엫,267,1, 
fromfront,�쟾�꽑�뿉�꽌,1343,1, 
fukkifootball,�뫖�궎�뫖�궎,2212,1, 
fumikawa,�썑誘몄뭅���,689,1, 
funblogstory,�쁺�뼇�젣�솴,27,1, 
funhong,funhong,64,1, 
futureindustry,�븘�썐猷�1000,497,1, 
galleryoftimes,�옄�쑀濡�怨� �뻾蹂듯븯寃�,1165,1, 
gameworlds,�옄�뿰&�궗�엺,107,1, 
garamwood,garam_�옑,1236,1, 
garigarikun,蹂대Ⅴ蹂대Ⅴ/Boruboru,528,1, 
garuda,�궗�씪蹂�,2875,1, 
gecko-ari,寃뚯퐫�븘由�,10,1, 
ggoms,�샇�빞�샇,1859,1, 
gimpoman,吏��썑�땲74,3892,1, 
globee,�뿞�젣(MJ),452,1, 
gmyankee,GMyankee,256,1, 
goldenballing,移��뵲�삤吏�,197,1, 
gongdori,寃ъ슦(Gyunwoo),2381,1, 
goodgogo,�쑝援�,1203,1, 
goodthought,援먯쑁�떖由ы븰�옄,292,1, 
gp007,�끃�깋�뤌吏�,74,1, 
gugomah,Pok챕tory,626,1, 
gugu-k,Eddy_K,54,1, 
gummyjelly,�떆�샆�씠�쓳,111,1, 
h32j00,h32j00,4,1, 
hades47,Garden Ants,87,1, 
haewoom,�슦由� �빐���,8,1, 
hamer20,fishing taste,156,1, 
happy-life88,�뙆�씠�뼱議� �꽌���由�,69,1, 
happyncook,�씪鍮꾨┛�넗�뒪 �뒪�뙆�씠�겕,475,1, 
happynlucky,�궘留뚯꽑�깮,171,1, 
haribogold,�옱�뀒�겕 �솴湲덉넀�쑝濡�~~,155,1, 
healing-tour,Ping_Lee,115,1, 
healthkeeper100,Health Keeper,498,1, 
heatherstravel,�냼�냼�븳 �뻾蹂� : �냼�뻾,168,1, 
helloce,踰좎씠湲�~~,150,1, 
herojune,彛뚭컯�궗,760,1, 
heykakao,�꼸�븣�젮以�,839,1, 
heyshin11,�떖�윭�씠�빞湲�,139,1, 
heyshin33,�떖�윭�씠�빞湲�,43,1, 
heysukim114,*����뀅�끂�쓣*,5399,1, 
hi-info,�룄����릺�뒗�젙蹂댁꽭�긽,310,1, 
highjob,�븳援��뿉�꽌 怨좎「濡� 痍⑥뾽�븯湲�,1241,1, 
hinetpc1999,紐⑤몢紐⑥븘紐⑥븘,601,1, 
hititler,�엳�떚����윭,2612,1, 
hminicook,�쓲誘몃땲,378,1, 
hobbylibrary,CoHobby,469,1, 
hobrothertv,�굹臾대뒛蹂�.,526,1, 
honeybee-healthtalktalk,轅�踰뚯씠�쓽 �꽭�긽�뿬�뻾,550,1, 
honeyperl,�룞湲��룞湲� �씪�씠�봽,624,1, 
hotpoint100,�쁿吏묐�몃땲誘�,461,1, 
hunnek,hunnek,96,1, 
hwanhotattoo,�븳�윭而ㅽ뵆,6,1, 
hwankishow,�떊�엯�궗�썝源��궗�옄,100,1, 
hzbubu,怨곕룎�븘�옱,737,1, 
iamyunpd,�젙蹂닿킅�옣,896,1, 
icebergis-melting83,Dancuga,303,1, 
ickle,ickle,115,1, 
idealgas,�씠�긽湲곗껜,10,1, 
ilovebooh,�뿰�뭾�뿰媛�99,298,1, 
impossibleproject,議곌컖李�,5694,1, 
impresident,�젅���媛뺤옄!,594,1, 
indonesia-oldman,�씤�땲�쁺媛�,186,1, 
info-squares,�돱�뿕,153,1, 
information-dictionary,�궗�슦�뵒,47,1, 
inhvdu,�냼臾몃쭔蹂듬옒,38,1, 
invitetour,�쑕�떇媛숈�� 移쒓뎄,1028,1, 
isllee,�슱�엫�씪由�,412,1, 
issuehott,issue hot,1001,1, 
it-talktalk,�룄�룞�벐,542,1, 
itadventure,CrayFall,241,1, 
itkbj,IT釉붾줈嫄� 源�蹂묒옣,68,1, 
iton,臾몄꽦,4006,1, 
iwantadmin,Foo,308,1, 
j-windy,諛붾엺�씠遺덉뿀�떎,166,1, 
jack-jack,吏뱀㏏�궓,167,1, 
jade9reen,Jade9reen,146,1, 
jaybox,J-BOX,45,1, 
jcoach2946,�뿴�젙硫섑넗,42,1, 
jejujd,以��뵒,10,1, 
jeostory,�꽕�떆�삤,414,1, 
jigbbangbbang,吏곷뭇,157,1, 
jinny1970,�봽�씪�슦吏��땲,3122,1, 
jinnyhwang,jinnyhwang,137,1, 
jiso-obb,jiso-o,77,1, 
jjisso,[李뚯룜]'s Magazine,492,1, 
jjomin,jjo_Mean,1168,1, 
jkkingdj,�삦's,29,1, 
joebbange,議곕뭇2,79,1, 
jojoldu,李쎌쿇�뼢濡�,463,1, 
jolee615,湲곗뿭�궛,227,1, 
jolggu,泥댁씤吏� 洹몃씪�슫�뱶,1414,1, 
jongamk,�븨援ъ빞 �궇�옄,5447,1, 
jpub,�젣�씠�럪,990,1, 
jsb000,�솉李⑥쓽 轅�,1696,1, 
juchastory,�씪�벂�꽣,216,1, 
jungwol,Jungwol,394,1, 
jw-neverland,WENDDDY,103,1, 
kadelahollys,JAKADELA HOLLYS,141,1, 
kaneda789,�젣二쇰컮�엺1,15,1, 
kanenaga,�썑 二쇱엫,118,1, 
kangdante,kangdante,705,1, 
kevin-ok,耳�鍮늨k,78,1, 
kij4331,�젣二쇱���궡�씠,32,1, 
kikiworld2u,�궎由щ굹,389,1, 
kimdongji,源��룞吏�,163,1, 
kimonthetable,源��삩�뜑�뀒�씠釉�,1897,1, 
kimscook,�씠吏�荑좏궧,19,1, 
kin-archive,�궓夷�,167,1, 
kindjm,移쒖젅�븳 �옱誘�,86,1, 
kissme2145,Kiss Me �솯,1745,1, 
kkee222,�븰�뒿硫섑넗 寃쎌뙟,2,1, 
kmisfactory,耳�鍮덉븘����뱶,2038,1, 
konandoil,蹂대쭏瑜�,217,1, 
korea-mooye,MASTER KOREA,216,1, 
korealand,援��넗援먰넻遺�,8498,1, 
kpopgirlgroup,KPOPMUSIC,1106,1, 
kpopmatome,Clip Journey,1505,1, 
krtiptiptip,以뚮쭏�넗源�,1414,1, 
ksmmas,MoonyGo,39,1, 
kudogym-daegu,荑좊룄吏�_���援�,96,1, 
kyurl55,沅곷뵫,236,1, 
la-luz,Bella Luz,81,1, 
land-world,�꽆踰꾩썝�끂�봽濡�,60,1, 
lastone1,援녹꽭�씪�궓媛�,11,1, 
leeesann,pennpenn,5522,1, 
leemsw,�씠泥��뱷�떖,455,1, 
leeparklove,湲띾룎�씠,3,1, 
life-traveler1,�씤�깮�뿬�뻾�옄lv,17,1, 
lifeground99,Za_ra,109,1, 
lifenourish,�뿁�겢�깦,609,1, 
likasuni,由ъ뭅�닔�땲,3592,1, 
likeion,嫄대뤌�엯援�,85,1, 
linjee65,�룺誘쇱���룺,33,1, 
lissooo,LISSO,40,1, 
livewoman,�뿬�뻾怨�,619,1, 
lo1nam,濡쒖씪�궓,143,1, 
lovefor-you,Speical,214,1, 
lovely82,Garden Ants,20,1, 
lovesong001,利먭쿇�븘�옱,1,1, 
lsh200701-ti,�듅�샇�쓽�떣而�,46,1, 
lsmpkt,媛�議깅컮�씪湲�,40,1, 
luciferin65,猷⑥떆�럹由�65,135,1, 
luckcarry,諛깅뀈怨좊룆,955,1, 
lucky04,怨쇨굅�뿬�뻾,2178,1, 
luckyquiz,�넗�떎�뻾�슫��댁쫰,670,1, 
lucyskitchen,Lulucy,2837,1, 
luxurymbeauty,�삤�뒛�룄�솕�씠�똿111,128,1, 
lvnhp12152,Laddie,212,1, 
lwk24,Lequiem,644,1, 
lystjc,蹂꾩궗�옉,1500,1, 
m-nes,誘몃꽕�뒪!,707,1, 
magpiee,�꽭�굹苑�,73,1, 
make1000000000,soonyjjuny,17,1, 
malio,諛곌퀬�뵂留덈━�삤,158,1, 
mangwondaebak,..........................,335,1, 
marketingmoneybook,留덉���똿癒몃땲遺�,18,1, 
marorose,marorose,118,1, 
mars97,�솕�꽦�깉�똻,43,1, 
marui,ruirui,1364,1, 
mastmanban,MastmanBAN,1043,1, 
mcboiler,Boiler,1267,1, 
memoryseung1224,泥��몢爰쇰퉬,35,1, 
michan1027, �룞寃� 誘몄㎟ ,1134,1, 
min-ya,MINYA_IU,52,1, 
minaring-minily365,Minaring,22,1, 
mingtrace,MingGu footprint,457,1, 
minsui1,�슦�궎�궎�궎12,602,1, 
minuhome,MINU HOME,5126,1, 
minvely9504,�땶留�,182,1, 
mirchimin,誘몃Ⅴ移섎��,862,1, 
mkfamily,kim dongyong,116,1, 
mmm3567,誘��빞誘��빞,191,1, 
momostrip,紐⑤え�쓽 媛��궗�끂�룞,354,1, 
moneynomad,�젙�슜洹�,3,1, 
moohanzz,�떆��� �냼�꽕,52,1, 
moon104308,臾퇹oon,941,1, 
moonggu,萸됯뎄�쓽�떎�씠�뼱由�,1716,1, 
moonlight-iu,�떖鍮쏅쭏李�,282,1, 
moonsol,moonsol,29,1, 
morgosound,GNYANG,192,1, 
motherinus,onthatday,431,1, 
mrshopark,蹂대떞�씪湲�,42,1, 
muzbox,�뼱�뼡�삤�썑,1468,1, 
mvelyshop,紐낅툝由�,14,1, 
mychew8314,reechew,21,1, 
myinfomation,�젙蹂닿킅�옣,526,1, 
myppy5870,�냼�쑉吏�,170,1, 
mystee,mystee,204,1, 
myungshinohh,�떆�땲�깷,1134,1, 
nameisesse,�씋吏�,209,1, 
nana83,�닔�떆�븘,1022,1, 
nasica1,nasica,315,1, 
nataehan-mzaong,e__n,1624,1, 
nature-life-saju,紐낃굔,37,1, 
nedamma,�궡�떞留�,23,1, 
neodol,�꼫�룎�뼇,2610,1, 
neorocal,�뒔���諛쒖옄援�,553,1, 
neotrois,誘몄씤誘몃떟,507,1, 
newday21,�깉 �궇,2413,1, 
newedge,�돱�뿣,106,1, 
newell,�돱�뿕,3916,1, 
newstory24,newstory24,1320,1, 
nkdmedia,new korea dream media,589,1, 
no543,dldldkd34234,215,1, 
nous-temperature,�긽�떇泥댁삩,173,1, 
nowgo81,�굹�슦怨�,36,1, 
nvnlee,koreafood,377,1, 
officialblog,�뿉�뵒�꽣짰,399,1, 
onion02,源뚯튌�뼇�뙆,1673,1, 
onlyiu,minue,192,1, 
onnons,I s a c c,72,1, 
oxchat,�삦�룷�룞 紐쎌떎�뼵�땲,707,1, 
papayamango,�젅紐� �뙆�씠,21,1, 
paran2020,H_A_N_S,4544,1, 
pathmaker,pathmaker2,479,1, 
paywaystory,pay way ,15,1, 
perfume700,�븘�씠由ъ뒪.,3989,1, 
peria1024,源��뿉諛�,295,1, 
pgmrlsh,pgmr�씠�긽�쁽,21,1, 
photohistory,�뜫�룄洹�,18906,1, 
pk0025,�샇�굹�슦�룄留�,733,1, 
poetranger,poetranger,840,1, 
polarpanda-0424,遺곴낡�삎,42,1, 
poli42,臾��닔�땲,89,1, 
politicsplot,�꽦湲곕끂�뵾泥섎쭅����몴,1434,1, 
pooh007001,�씎 �꽆移섎뒗 �냼吏��땲,74,1, 
poormagazine,�빂移댄뫖移섎끂,456,1, 
porori7,蹂댁꽍湲�,271,1, 
positive-judy,Judy J,45,1, 
prayingyomi,Yomi(�슂誘�),718,1, 
prohoneypotowner,�봽濡쒓컻轅��윭�쁾,101,1, 
prolite,IT�꽭�젅�뒪,1491,1, 
prorok,����씪,1470,1, 
psfriendy,�룊�궛�븘鍮�,5040,1, 
pucapuca,�젅�씤留�00,1294,1, 
pujin28,�씪二쇱씪留뚮뜑,386,1, 
pure-beef,lucky2,517,1, 
pyb9121,�끂瑜댁썾�씠�렚洹꾭윇�,735,1, 
pyeonhyung,�샇�몢�삎�븘,24,1, 
qhdvlfrbs125,Best of you,5,1, 
quantumcomputer,quantumcomputer,42,1, 
question-answer,�뼵�꽌�꽮,11,1, 
rabbiturtles,�삤�젋吏��썕,700,1, 
racopeng,�씪肄뷀렚,70,1, 
ramideunioni,�씪誘몃뱶�땲�삤�땲,334,1, 
raonyss,�씪�삤�땲�뒪,2074,1, 
rara1733,醫낆씠�슦�궛-,4736,1, 
rassori,�씪�냼由촔assori,37,1, 
real-fact,�젙蹂닿킅�옣,200,1, 
real-omok,�뵲�걟�븳�샇鍮듈솪,113,1, 
red007,Reporter.R,26,1, 
resten1497,resten,2,1, 
reviewnworld,sixsimi,36,1, 
reviewral,由щ럭�윺,17,1, 
rhgusxo0213,湲멸굅由ш낡�븳留덈━,38,1, 
ri-bung12,由щ텞,124,1, 
ribi,���踰쇰━�뙆�뙆,2003,1, 
rich-smile,遺��옄誘몄냼,171,1, 
richpresident,Rich CEO,1083,1, 
richwnaak,�룊媛뺤쨲留�,1357,1, 
right-hand,�삤瑜�-�넀,240,1, 
ringding711,RingDing711,131,1, 
riverive,�옄諛뺤옄諛�,754,1, 
rjsdnqkr0,媛쒕컻�옄 諛뺢굔�슦,3,1, 
roan-junga,濡쒖븞�뵪,587,1, 
rokmarineboy,�엫�쁺�떇,4812,1, 
ross84,�뿴�삁源뚭퓤,194,1, 
rpink8902,�뭾湲덉냼由�',259,1, 
rudream,轅덇컻誘�,106,1, 
ryeol1,�넚�넚�쓽�룞援�,96,1, 
s-97,�븫�쓳留덇��,1856,1, 
saeyanmusic,�깉����씠,182,1, 
safewoman,�븞�쟾留�,1928,1, 
sais,�꽭�씠�뼱�뒪,8,1, 
salt418,+�냼湲�+,2486,1, 
samsungblueprint,�궪�꽦臾쇱궛嫄댁꽕遺�臾�,1579,1, 
sanhaejeong,�궛�빐�젙,184,1, 
sccs,怨듬���썝�깮,222,1, 
scoop-8282,�삤�젋吏��썕,1772,1, 
secretrich,�떆�겕由용━移�,1638,1, 
seirint,由곕굹猷�,274,1, 
seunmi1981,援щ쫫 �떖鍮�,395,1, 
sexworkproject,�꽦�끂�룞 �봽濡쒖젥�듃,19,1, 
shiningbyul,Shiningbyul1222,10,1, 
shinwoongs,�떊�썒,525,1, 
siait,�뼺�뀙,784,1, 
sibest,sibest,70,1, 
sideshoot,�떆�썡援ъ씪,581,1, 
silverkeystory,�떎踰꾪궎,172,1, 
sinabroyong,�떆�굹釉뚮줈!,148,1, 
sixsimi,sixsimi,88,1, 
skku2018,LegendMan,101,1, 
skyliin900,MJ�뒪�넗由�,73,1, 
sleri,�궪�꽦�넗吏�寃쎌젣�뿰援ъ냼,375,1, 
sman7,Sman7,39,1, 
sman76,怨좊룆寃�媛�,360,1, 
snailtrain,�솉寃폩D,12,1, 
so-y-1122,苑껊뤌吏�,10,1, 
soakandfeel,�룞�븻�븘,89,1, 
sodung,�룜�뫁�씠,13,1, 
softart,SoftArt,7018,1, 
sonb3579,�뿬由꾩뿉�궃濡�,40,1, 
soo0100,soo0100,880,1, 
sosobaba,留덈툝�옉,349,1, 
sotori3,sotori,266,1, 
soulboss,Drunken_Guys,410,1, 
sportory,�뒪�룷�넗由�,1772,1, 
springaria0199,�븘由ъ븘�솪,353,1, 
ssingji,留곹겕硫붿씠�뀡,1250,1, 
ssovely-s2,ssovelyS2,63,1, 
star-profile,吏��끂�븘鍮�,435,1, 
stedi,youngss,1425,1, 
story-ti,�넗由ы떚,137,1, 
story28,Story28,40,1, 
storyissue123,紐⑤뱺愿��떖�궗�떎紐⑥븘,30,1, 
subpolice,�닔�궗寃쎌같,259,1, 
suby33,援먰넻�씠���由�,4,1, 
summerkim-life,誘�:�룞,174,1, 
sunbee,�꽑鍮�(sunbee),482,1, 
sunstar2,sunstar,2004,1, 
superdaddy2433,�꽌�쁺papa,755,1, 
sweetier,釉붾줈洹멥�����,174,1, 
take-info,�룄����릺�뒗�젙蹂댁꽭�긽,172,1, 
taktak2,�긽�긽2,46,1, 
tell-mia,Mia_Unnie,19,1, 
terranbattle,terranbattle,61,1, 
thankspizza,�벑�궛諛붿씠釉�,606,1, 
thebrilliants,蹂꾩쓽�끂�옒,347,1, 
thek2017,TheK�쓽 異붿쿇�쁺�솕,806,1, 
thenorablog,�븷由щ���떎~�솪癤�,583,1, 
therichdadlab,I遺��옄�븘鍮쟅,139,1, 
thore,轅⑷뎅�옣,300,1, 
ticktick-blog,[李뚯룜]'s Magazine,55,1, 
timeless971004,timeless971004,30,1, 
tistorybloger,LUDA_,13,1, 
tistorybyung,湲��쟻�뒗�궗�엺,33,1, 
titletatata,tatata釋녳빘 .膈 �빘釋�,74,1, 
tokyobreaknews,T. Juli,2653,1, 
too612,轅띿뒪肉≪씠,367,1, 
topsecret123,*�떒鍮�*,659,1, 
toreerang,�넗由ъ쓽異붿뼲,85,1, 
totoromi,�꽦湲��씪�뒪,195,1, 
travelerhalona,HaIoNa,184,1, 
travelyoungdo,�쁺�룄�굹洹몃꽕,447,1, 
tree2woods,�븘由ъ븘由ъ㎟,212,1, 
truesale,�궘留뚮��遺��윊�,160,1, 
tt39,�넚�넚 ����뒗 �씪�긽,96,1, 
tufami,�닾�뙆誘�,220,1, 
tuya1224,Life review&happy,7,1, 
twd-shouting,TWD.Shouting,52,1, 
typhoon-info,MaGon,765,1, 
uhastory,�쑀�븯v,333,1, 
ulsansafety,ulsansafety,900,1, 
unmin,UnMin,335,1, 
uriphin2,�씠肉뚮땲 怨고똿,293,1, 
usdivgrowth,蹂꾩＜遺�,42,1, 
vdreaperj,ReaperJ,54,1, 
vesta47,Garden Ants,108,1, 
view42,viewport,962,1, 
viewingcat,�깷肄붿꽑�깮 :: �떚�뒪�넗由�,2667,1, 
vintagemonday,�궗�씫�뿰,642,1, 
vkepitaph,VKRKO,1400,1, 
vlog-life,�뼱�삤�븰,103,1, 
waggo,���瑗ъ���듃�씪,1082,1, 
wasabcon,wasa.B,6857,1, 
wassupppp,�뒪�뵾�뱶諛�41,373,1, 
wecandoit77,�븿猿� �꽦怨듯빀�떆�떎.,12,1, 
wellbeingbeauty,HAPPYJINI,161,1, 
wendys,WENDYS,164,1, 
wenew,議곌뎅�궗�옉,131,1, 
wezard4u,Sakai,5297,1, 
whitequeen,�솕�씠�듃���,2372,1, 
winbright,�쐢釉뚮씪�씠�듃,238,1, 
windhoek,Windhoek,124,1, 
windy-geoje,諛붾엺�씠遺덉뿀�떎,124,1, 
withddung,�슧轅�踰�,27,1, 
withgonggam,�룞-媛�,2318,1, 
wolrdmagazine,�뿉�뵒�꽣짰,251,1, 
wonderbout,�썝�뜑諛붿썐,60,1, 
wonppangppang,�썝鍮듬뭇,30,1, 
wooaoe,wooaoe,22,1, 
wooding92,竊귣꽕�옂�겢濡쒕쾭竊�,290,1, 
woong-bee888,Woong_Bee,45,1, 
wooritigers,Atomseoki,112,1, 
xassets,xarsrima,277,1, 
xavikim,梨좊퉬�궡,54,1, 
xuronghao,怨듭닔�옒怨듭닔嫄�,1856,1, 
xxl1223,珥쏅텋�떆誘�,235,1, 
yamark,YamaRK,365,1, 
yavares,'�쁽臾�',297,1, 
yellownews,KHAI's,823,1, 
yeogangyeoho,�뿬媛뺤뿬�샇,1539,1, 
yeonidoggi,�늻�뱾�늻�뱾�씠,104,1, 
yeonsblee,�뿴�젙議곕낫�넻,19,1, 
yeoullu,誘몄냼由�,137,1, 
youri-92,梨꾩븞留섎쭏誘�,49,1, 
yrok,怨좎씤臾� �씫援� (YR),12,1, 
yummystudy,�옉����쓲由�,693,1, 
yun-blog,留쏆엳�뒗�뿬�뻾,1741,1, 
yunpd73,�젙蹂닿킅�옣,4929,1, 
zapari,�뱶�썙�봽�쓽 �옄�뙆由�,210,1, 
zeee9,吏��쁺ee,580,1, 
zerostudio,zerostudio,171,1, 
zifmfmphantom,泥쒕낫湲�,4,1, 
zomzom,醫�醫��씠,4201,1, 
zzini-family,�븞李뚮땲,67,1, 
